first run , 3596.657263
O. J. Simpson , 2777.497386
Dog , 1689.075353
O. J. Simpson , 722.208122
William Shakespeare , 855.833217
Adam LaRoche , 969.100421
Chicago Cubs , 1935.378753
Stephen Curry , 871.137138
Golden State Warriors , 933.435311
The Bible , 1066.836751
Chevrolet , 1120.784122
Ford Mustang , 1795.445783
New York City , 1304.491627
Margarita , 1190.334538
University of North Carolina at Chapel Hill , 1194.873092
United States , 1125.014287
Moby , 916.688738
Labrador Retriever , 882.45921
Beer , 941.283382
Duke Energy , 814.560884
Fashion , 1218.556289
Wells Fargo , 970.844257
Water , 1188.769378
Tom Clancys The Division , 1149.080516
US Senate , 830.18809
SpongeBob SquarePants , 1818.812086
Antibiotics , 797.840577
Batman v Superman: Dawn of Justice , 1201.374603
Justin Bieber , 1058.767887
Donald Trump , 904.550573
Donald Trump , 938.460176
Pizza Hut , 980.722544
The Bachelor , 1035.533881
Amazon.com , 904.088013
Albert Einstein , 890.004193
Christiano Ronaldo , 833.290423
FC Barcelona , 965.138529
Java , 977.139577
Happy Birthday to You , 1090.518607
Earth , 984.461875
Ford Mustang , 952.910904
Golden State Warriors , 917.89675
Justin Bieber , 753.42864
The Walking Dead , 1076.902064
John Kasich , 908.423682
Jack Daniels , 931.737935
Ariana Grande , 1049.993479
Selena Gomez , 958.990488
Nancy Regan , 1058.907831
Hulk Hogan , 1821.148016
Cat , 1632.435378
Horse , 901.826305
Fish , 1162.74195
Bird , 1344.12934
Conor McGregor , 719.185094
Stephen Curry , 850.003347
LeBron James , 836.156045
Hulk Hogan , 758.980514
Martin Luther King Jr. , 922.999104
Marcia Clark , 917.089862
Dr. Seuss , 1024.94016
Madonna , 969.890439
Babe Ruth , 1511.181211
Jackie Robinson , 1012.390728
Derek Jeter , 1122.623347
Alex Rodriguez , 1025.943766
New York Yankees , 1145.957491
Boston Red Sox , 1072.945804
New York Mets , 1218.426426
Washington Nationals , 1092.784668
LeBron James , 826.358614
Kobe Bryant , 948.288107
Michael Jordan , 879.571343
Kyrie Irving , 1012.17772
Los Angeles Lakes , 1087.735983
Cleveland Cavaliers , 1026.507452
Chicago Bulls , 997.777125
Duke Blue Devils mens basketball , 1145.585348
To Kill a Mockingbird , 980.5105
The Great Gatsby , 1009.201786
Whiskey Tango Foxtrot , 977.986814
Romeo and Juliet , 1098.101088
Honda , 894.619513
Toyota , 1075.021963
Mercedes-Benz , 955.591919
Dodge , 1005.838997
Chevrolet Camaro , 1051.641785
Honda Civic , 1274.835692
Jeep Wrangler , 948.663602
Chevrolet Corvette , 1080.481956
Chicago , 977.743035
Las Vegas , 1133.383184
Los Angeles , 1045.241111
Houston , 1200.513778
Martini , 773.205242
Old Fashioned , 796.925439
Bloody Mary , 881.881401
Moscow mule , 926.816882
Purdue University , 1084.93151
Texas A&M University , 993.049843
Harvard University , 1113.452951
University of California Los Angeles , 1170.872905
Mexico , 1188.415933
India , 1080.423425
Canada , 979.383491
United Kingdom , 965.222038
Calvin Harris , 833.738901
Skrillex , 958.491337
deadmau5 , 844.727843
Avicii , 823.315052
Pit Bull , 823.117382
German Shepherd , 980.21231
Siberian Husky , 989.215248
Bulldog , 1081.488485
Coffee , 967.439394
Wine , 1136.784205
Milk , 995.336253
Tea , 900.90069
BP , 1140.720489
Chevron , 813.078719
Royal Dutch Shell , 1100.243714
National Grid plc , 9354.447051
Forever 21 , 4387.382184
H&M , 1159.506888
American Eagle Outfitters , 778.644744
Zara , 3035.941555
Chase , 437.734643
Bank of America , 910.063806
Capital One , 910.265354
American Express , 993.133558
Chicken as food , 1095.736542
Pizza , 955.275927
Cake , 1265.54789
Egg , 1265.622426
Fallout 4 , 950.113616
Agar.io , 2957.411732
Call of Duty: Black Ops III , 936.858467
Lego , 930.889543
US Supreme Court , 1588.278247
Federal Bureau of Investigation , 2381.48574
US Congress , 873.910135
United Nations , 1947.319102
Peppa Pig , 817.644779
Gravity Falls , 843.996774
Steven Universe , 909.481586
PAW Patrol , 770.690149
Birth control , 897.431915
Ibuprofen , 1048.876052
Traditional medicine , 976.754421
Paracetamol , 804.366209
Zootopia , 868.733702
Captain America: Civil War , 941.152953
Frozen , 897.882283
London Has Fallen , 808.146369
Kanye West , 932.498802
Rihanna , 973.249495
Drake , 901.761937
Beyonce , 977.546682
Bernie Sanders , 906.404474
Kim Kardashian , 1454.665833
Hillary Clinton , 1069.908644
Ted Cruz , 902.3575
Bernie Sanders , 880.786489
Hillary Clinton , 882.30376
Ted Cruz , 831.031016
Barack Obama , 990.863902
Dominos Pizza , 1292.331768
McDonalds , 843.888294
Papa Johns Pizza , 1002.736103
Subway , 850.380496
American Idol , 1060.84878
Dancing with the Stars , 1073.144218
The Voice , 938.786594
Survivor , 1105.449735
Walmart , 996.048729
Target Corporation , 1063.23623
The Home Depot , 1126.792613
Lowes , 945.862352
Thomas Jefferson , 1030.605932
Plato , 2948.070454
Benjamin Franklin , 1075.830167
Leonardo da Vinci , 1072.016224
Lionel Messi , 961.449573
Neymar , 1618.343487
David Beckham , 986.948903
Johan Cruyff , 964.939608
Real Madrid F.C. , 940.662573
Manchester United F.C. , 960.534752
Arsenal F.C. , 775.747278
HTML , 2102.354431
Python , 824.351725
JavaScript , 842.491464
SQL , 864.538473
Let It Go , 2014.653632
Watch Me (Whip/Nae Nae) , 1811.470262
Hotline Bling , 1334.900217
Happy , 1059.457167
Moon , 992.181974
Sun , 923.741964
Mars , 1143.162529
Jupiter , 861.027984
Chevrolet Camaro , 1061.033854
Chevrolet Corvette , 869.075939
Dodge Challenger , 947.819153
Dodge Charger (B-body) , 827.485751
FC Barcelona , 759.331081
Los Angeles Lakers , 1076.757237
Cleveland Cavaliers , 1009.96064
Dallas Cowboys , 985.857367
Beyonce , 852.690854
Taylor Swift , 916.076246
Selena Gomez , 1049.728241
Miley Cyrus , 922.147502
The Bachelor , 972.066122
American Idol , 803.49042
Dancing with the Stars , 897.418661
Saturday Night Live , 1139.50336
Ronald Reagan , 938.206358
Mitt Romney , 992.993128
Bill Clinton , 1016.435081
Franklin D. Roosevelt , 1367.468549
Jameson , 813.208247
Fireball Cinnamon Whisky , 1097.948737
Crown Royal , 961.85702
Johnnie Walker , 978.479753
Katt Williams , 947.078844
Miley Cyrus , 878.250668
Leonardo DiCaprio , 923.449637
Patty Duke , 1935.293654
Ben Affleck , 895.3053
weather , 836.656584
translate , 2821.391646
maps , 1052.106589
news , 2342.746716
calculator , 630.93069
g , 1473.910112
youtube to mp3 , 1533.542186
dictionary , 1476.915485
f , 1103.09971
translator , 1540.934016
restaurants near me , 892.458652
movies , 959.043306
speed test , 878.74339
cheap flights , 1200.234668
horoscope , 1463.171859
unblocked games , 2137.026626
solitare , 916.010899
mortgage calculator , 1150.019892
calendar , 837.322448
games , 815.606559
map , 1671.300984
love quotes , 931.403721
restaurants , 986.92153
social security , 976.491917
spanish translator , 1925.583942
pill identifier , 769.776079
ny lottery , 829.943608
earth day quiz , 2579.17623
nj lottery , 808.665585
periodic table , 877.292848
tis the season , 846.601388
halloween , 1363.228388
quotes , 2070.318908
cheap tickets , 884.614295
spanish to english , 1701.019269
cars , 1422.836914
pa lottery , 791.292212
happy birthday , 2624.715859
ga lottery , 2191.257487
reverse phone lookup , 767.30754
youtube converter , 2787.151975
driving directions , 1795.982552
directions , 804.926954
scrabble word finder , 794.195109
school closings , 1501.388025
pizza , 1043.349552
st patricks day , 980.363081
once upon a time , 898.792013
english to spanish translation , 1309.260785
home , 1171.575476
flights , 993.716547
test , 876.871363
usa jobs , 726.625394
b , 1461.2628
mp3 converter , 1094.823832
w , 1537.261999
i , 765.39002
n , 844.585827
michigan lottery , 829.94371
weather nyc , 902.331777
Chicago weather , 895.796932
illinois lottery , 873.865013
us map , 1314.595224
motherless , 1473.251049
bmi calculator , 893.999254
texas lottery , 852.437758
zodiac signs , 888.057917
va lottery , 709.744661
currency converter , 870.902082
funny pictures , 1554.437011
finance , 1017.066549
internet speed test , 1494.247985
labor day 2015 , 809.965091
speedtest , 792.811689
inspirational quotes , 3351.355739
2015 calendar , 1007.042404
hotels , 987.271209
typing web , 1389.526243
oil prices , 2356.962924
addicting games , 2514.006509
post office , 841.246604
nc lottery , 1566.346039
hello , 923.706771
what time is it , 1535.678792
search , 941.864031
music , 1152.618939
apartments for rent , 804.211434
j , 738.501652
free games , 957.285385
add reminder , 1573.846399
synonyms , 634.224914
euro to dollar , 1580.480496
videos , 1906.134207
weather forecast , 870.91402
college football scores , 1397.085649
flight tracker , 988.592796
free movies online , 900.773988
flowers , 1039.428195
funny jokes , 2292.411652
yahoo , 841.499306
hotmail , 998.06825
lyrics , 952.525517
hotmail.com , 749.614987
yahoo.com , 721.598081
jokes , 737.866855
ebay , 880.676006
maps , 816.606194
games , 881.973309
warez , 1269.984915
napster , 1425.403053
www.hotmail.com , 840.112459
song lyrics , 1346.893811
www.yahoo.com , 756.466777
dictionary , 1568.478739
snes roms , 1347.419041
mp3 , 1626.375741
search engines , 1749.43352
google , 795.864134
weather , 862.560391
autos , 895.619968
music , 879.584963
clip art , 1041.739804
jobs , 1049.388262
wallpaper , 1019.351295
thumbzilla , 2015.325433
Yahoo , 44620.907135
chat , 782.170526
clipart , 779.120653
greeting cards , 1016.466407
poems , 2239.757556
Song Lyrics , 2275.726278
winzip , 975.275303
recipes , 1009.513878
dogs , 1244.323019
travel , 1064.252945
health , 1089.818119
mapquest , 1019.483466
britney spears , 977.214453
movies , 918.287021
PICTURES , 886.297538
pictures , 711.558374
ask jeeves , 702.417491
Pictures , 737.807704
baby names , 884.957807
poetry , 875.475014
flowers , 915.23477
free games , 954.199276
survivor , 1224.904817
desktop themes , 2519.930635
yellow pages , 1016.020987
screensavers , 846.220203
quotes , 1578.866344
taxes , 979.049542
Free Game Downloads , 1170.795922
sublime directory , 1918.611787
prom dresses , 1432.67824
horoscopes , 891.762317
southwest airlines , 783.396684
used cars , 1037.09777
airline tickets , 997.685218
msn , 726.784424
marijuana , 821.745642
anime , 886.133508
kelly blue book , 1064.637949
zip codes , 1465.88934
gnutella , 1567.498265
Lyrics , 1764.232495
white pages , 972.764364
people search , 1030.610969
free , 964.723306
irs , 1032.635181
Maps , 1333.22492
fonts , 776.626189
the huns yellow pages , 632.722238
spanking , 1413.801114
backgrounds , 1395.316146
cracks , 1040.021478
divx , 1262.903816
hair styles , 1153.753527
chat rooms , 820.517857
jennifer lopez , 979.218762
The Huns Yellow Pages , 723.637637
abortion , 833.959308
screen savers , 813.465911
aol.com , 937.650093
search engine , 1672.509984
andrea thompson , 766.138917
free fonts , 1516.226015
online games , 983.64306
aol , 773.239826
tattoos , 745.783081
nes roms , 1127.485738
freeware , 876.610727
free clip art , 798.689242
books , 912.723382
consumer reports , 756.693801
ampland.com , 1596.737236
tommys bookmarks , 1454.67233
free pics , 1204.873846
free clipart , 922.741518
driving directions , 1408.082306
Free Clip Art , 781.629958
msn.com , 784.881816
free internet , 879.958715
amazon.com , 883.504561
e-cards , 722.949664
ellis island , 1098.918183
diabetes , 912.112792
free stuff , 785.660505
home depot , 1104.659513
pokemon , 869.625206
job search , 994.134531
icq , 749.01824
holocaust , 962.899946
serialz , 2540.311723
apartments , 903.751856
free isp , 729.045355
airlines , 994.776274
ebay.com , 612.86824
Music Lyrics , 1472.946635
holiday inn , 1076.906817
dogpile , 568.273732
auctions , 906.24157
currency converter , 859.736457
april fools , 774.861556
love poems , 776.179312
dragonballz , 973.730412
richards realm , 1692.592252
blank , 841.797258
Photos , 1626.750504
bomis , 722.755695
genealogy , 831.177232
free essays , 730.824899
encyclopedia , 815.584262
funny pictures , 1471.036344
mortgage calculator , 1084.288155
cheats , 1309.819653
gardening , 1067.693511
geneology , 793.076087
guitar tabs , 891.192305
free email , 884.860654
free screensavers , 2522.944447
Britney Spears , 987.496962
prom hairstyles , 1436.344615
playstation cheats , 1786.332694
imesh , 1381.253996
www.thehun.com , 1380.956377
cloning , 869.913176
Free Clipart , 773.203606
Used Autos , 1096.397805
area codes , 1464.314348
nasa , 1728.829382
freeones , 510.348508
roms , 1701.349965
american airlines , 910.263088
horoscope , 1031.302046
Auto Parts , 1392.112275
huns yellow pages , 1601.955422
cd covers , 748.580854
cartoons , 1306.660921
ticketmaster , 988.75764
sublimedirectory , 1444.379932
news , 1610.52315
icons , 848.184746
passwords , 1014.870848
Lyrics Search , 1272.187046
Snes Roms , 1873.652686
house plans , 948.728616
harry potter , 1074.451604
music lyrics , 1457.503927
lesson plans , 903.313635
Travel Maps , 775.613997
resume , 908.541646
quotations , 773.097357
ecards , 732.814066
mortgage rates , 957.500766
dogfart , 1093.133446
Driving Directions , 1616.089134
boats , 1279.170684
cats , 1179.91145
lycos , 669.553981
Yahoo Mail , 822.107415
free mp3 , 1659.791269
thongs , 1011.870306
winamp , 785.509113
literotica.com , 530.562057
erotica , 824.7462
blue book , 968.115663
famous quotes , 2087.529066
Online Games , 910.199678
n64 roms , 1596.971783
personal finance , 1296.504007
google.com , 782.808535
movie reviews , 1488.28597
internal revenue service , 866.800053
Hotmail , 651.031385
monster.com , 1014.466191
paintball , 952.536174
Jennifer Lopez , 909.527442
madonna , 1508.518434
free wallpaper , 1154.881053
united airlines , 850.491177
hotels , 971.975571
wav files , 979.362699
FREE , 746.186221
Prom Hairstyles , 2271.19711
online dictionary , 1440.086407
buddy icons , 1272.380289
las vegas , 1282.718929
eminem , 942.219613
white shadow , 971.093047
black and white , 1133.281382
animated gifs , 1460.169989
jjj , 829.711707
Used Cars , 908.102913
Yahoo.com , 842.405337
civil war , 1090.381499
travelocity , 758.07283
ringtones , 983.632637
astrology , 833.369119
greenguy , 1153.440798
Poems , 1662.193558
Discount Travel , 1169.144123
Free Downloads , 792.765158
desktop wallpaper , 1558.576855
www.aol.com , 621.049494
Chat Rooms , 763.807502
wwf , 849.415949
golf , 1086.719891
hacking , 1277.08838
real estate , 1041.370435
careers , 908.708691
computers , 1100.330472
netscape , 1331.605378
map , 1461.806556
brooke burke , 1344.104283
Andrea Thompson , 748.161707
free ringtones , 970.627609
animals , 1111.384478
newspapers , 794.040893
northwest airlines , 1109.278812
Free Screensavers , 1474.911857
art , 986.065423
reverse lookup , 876.923543
sublimedirectory.com , 1911.31352
mexico , 1071.494489
pics , 1284.290953
IRS , 936.207342
dog , 1049.278276
posters , 1051.315634
the sims , 856.802535
real player , 828.839516
free downloads , 800.925386
sears , 917.700048
gameboy roms , 1365.688303
Mortgage Rates , 969.721488
digital cameras , 1135.6702
Women Health , 902.428619
Pics , 1579.17413
cliff notes , 1389.313492
women , 797.243136
exchange rates , 812.24037
motorcycles , 964.015357
rotten.com , 725.206595
mame roms , 5992.250858
Hotmail.com , 769.592005
continental airlines , 1330.249619
photography , 930.95018
cinco de mayo , 1245.242747
free greeting cards , 757.637912
Games , 1040.738841
marks bookmarks , 1968.164258
crack , 1034.64837
excite , 674.934549
Free , 875.02178
shoes , 1127.508943
free screen savers , 1630.647799
birthday cards , 746.684168
tattoo , 1046.685777
www.ebay.com , 902.378468
free movies , 947.860986
crackz , 1715.1849
drivers , 947.126739
stories , 836.219919
Game Downloads , 919.836165
horses , 1442.785765
webcam , 823.104015
time , 942.346751
love , 1034.950793
picpost , 2035.023527
dragon ball z , 892.688624
cards , 859.551593
mortgages , 898.202262
RPG , 1089.176804
scholarships , 885.666908
shareware , 1482.475364
bestiality , 917.635862
game cracks , 1701.141571
author , 707.341919
astalavista , 1821.65385
disney , 1111.79748
honda , 980.122979
free music , 1038.012055
dragonball z , 803.422847
wallpapers , 864.068507
Mp3 Download , 1706.641861
Napster , 1488.234758
models , 802.059946
china , 1017.000279
www.google.com , 782.937895
AS400 , 893.177275
Harry Potter , 939.638336
microsoft , 1446.617404
altavista , 678.120823
delta airlines , 1167.424957
yoga , 1006.410391
death penalty , 1040.34551
thehun.com , 1017.385022
excite.com , 665.241437
everquest , 943.853992
free web hosting , 836.548209
people finder , 795.650193
Msn Hotmail , 710.111788
direct tv , 964.808424
Napster Download , 3032.049591
tires , 918.172972
movie trailers , 1557.68066
Free Music Downloads , 1081.994147
newsgroups , 1686.355089
Free Greeting Cards , 840.942069
time zones , 934.989863
Internal RevenueService , 735.791262
Poetry , 799.354229
amazon , 772.594451
emulators , 1513.916398
auto parts , 1049.921532
science fair project , 843.5242
capital punishment , 1203.520183
Tattoo Designs , 906.292419
vietnam war , 1206.512998
tatoos , 816.130337
elephantlist , 1504.834101
www.msn.com , 629.296419
AS/400 , 831.550224
Southwest Airlines , 719.787781
Free Wallpaper , 1613.939199
air canada , 919.141066
japan , 1220.83881
Airline Tickets , 940.795014
verizon , 782.495304
carmen electra , 824.620787
Dog Breeds , 912.793836
music videos , 1895.798282
easter , 1050.731018
viagra , 816.560507
employment , 984.91145
directions , 1646.514085
nascar , 947.167867
Yahoo Email , 687.494648
webcams , 750.704742
sheet music , 915.980874
world map , 984.139528
Hotels , 1103.406068
credit cards , 1022.458529
e-bay , 964.238242
email , 788.28878
anna kournikova , 781.191979
espn , 962.156269
dragons , 853.972395
radio stations , 3269.792559
guns , 1040.224673
atomic clock , 1180.513489
suicide , 1056.083797
dvd , 927.715553
hewlett packard , 1364.042897
wild cherries , 880.778819
howard stern , 1148.583114
tax forms , 868.237455
Used Boats , 924.566817
downloads , 1699.808502
fosi , 759.758534
snakes , 990.642333
skateboarding , 909.447726
Free Mp3 , 2030.610075
Italy , 1036.730089
abandonware , 1515.415403
Road Maps , 808.930288
car rental , 1078.625152
fibromyalgia , 875.403673
Free Screen Savers , 1812.317863
Free Online Games , 1090.622864
free pictures , 1127.534283
radio , 1043.732884
Warez , 1381.828068
appz , 1703.163533
www.ampland.com , 2218.228526
Famous Quotes , 1571.471374
Jokes , 745.204501
Online Dictionary , 1627.959396
web hosting , 937.245673
e cards , 746.006422
free software , 944.376476
cheap flights , 919.157576
Software Cracks , 1870.423775
gun control , 2026.68086
Holocaust , 846.477172
Free People Search , 843.003053
thumbnails , 794.886626
persiankitty.com , 1620.828884
javascript , 840.205029
CDA-W550 , 1757.200425
map quest , 1971.002022
AGL , 997.890165
sound effects , 906.77569
mad cow disease , 1162.34195
Desktop Wallpaper , 4137.983433
GAMES , 1027.963019
cheap airline tickets , 1139.60751
mp3 downloads , 1050.97005
flash , 1824.067346
nokia , 1209.885865
cnn , 1075.457805
simpsons , 823.934482
amtrak , 939.908916
child abuse , 1778.080942
digital camera , 1072.8471
walmart , 979.484963
fish , 1207.980653
translator , 2214.87335
kids , 925.110108
global warming , 929.11667
australia , 1130.747767
names , 2489.747993
bmw , 994.426124
adobe acrobat , 840.838275
digimon , 1456.70876
dsl , 785.621972
dog breeds , 949.31147
free backgrounds , 742.106186
soccer , 1210.407703
pubmed , 683.963589
work at home , 1079.764104
world war 2 , 1057.243452
shakespeare , 930.618493
Vietnam War , 955.969458
Airfare , 859.257929
Free Desktop Themes , 2563.13996
Real Estate Listings , 823.496667
qxapoiu , 2169.750532
pogo.com , 796.001412
Weather Forecast , 1508.655193
baseball , 1059.737549
lord of the rings , 1518.297967
resumes , 879.918709
Jobs , 1010.402956
quicktime , 802.718069
birds , 892.722584
spain , 1771.45849
lupus , 1028.798868
car audio , 1158.549089
Free Nokia Ringtones , 1903.939564
thumbzilla.com , 2102.952928
photos , 1821.189473
portalmix , 1885.027516
midi , 893.43023
history , 1012.20581
smoking , 1982.780123
dodge , 950.570352
OS/400 , 2317.346039
harley davidson , 970.445556
serial numbers , 1863.856024
toyota , 1047.642581
money , 985.201492
free internet access , 877.025705
legal , 1026.876117
Japan , 992.780066
sports , 2111.113783
divx codec , 2102.396102
naturist , 1930.814528
graphics , 839.399854
humor , 1162.89203
restaurant , 943.87908
download music , 851.05275
music download , 948.844418
language school , 1152.823578
food , 1068.765228
english learn , 803.312378
learn english , 987.972676
internet explorer , 755.805265
currency trade , 799.940088
game , 928.62422
transfer money overseas , 892.861649
car insurance , 975.506856
music , 1004.483408
abroad study , 790.749708
my space , 750.732855
cellular phone , 1093.325798
cell phone , 1386.809862
study abroad , 751.544963
weather , 820.586914
travel asia , 767.602383
car , 1191.764533
yahoo mail , 772.013374
travel , 999.854886
american idol , 848.703213
people search , 858.152346
internet explorer , 676.197381
travel europe , 882.13951
travel mexico , 868.360815
real estate , 1013.60299
credit card , 906.42505
ecard , 857.390069
attorney , 3894.417043
computer , 989.007072
map , 2140.644669
bank of america , 998.336588
bank america , 966.303
home depot , 1016.208277
dictionary , 2788.523708
movie , 563.092652
job , 1388.06629
lyric , 688.049368
travel south america , 1168.25453
jobs , 912.935045
spain travel , 1255.903357
flower , 857.220664
web hosting , 815.415652
loan , 1008.672463
myspace layout , 1988.574262
business , 951.541451
career training , 828.043785
travel central america , 1007.594195
tax filing , 906.597411
car rental , 950.47285
travel china , 942.175724
estate real , 1012.911002
internet provider , 945.683519
education online , 848.019652
dating services , 1122.655131
dating , 901.150968
laptop , 832.926237
all event , 2488.993269
white pages , 723.313237
travel france , 811.873984
yellow pages , 877.864397
irs , 833.124949
cartoon network , 1218.089085
recipe , 912.38476
chris brown , 1034.824754
learn spanish , 845.067097
horoscope , 1944.471937
dating site , 936.620732
canada travel , 964.925487
best buy , 978.030046
jewelry , 942.105533
domain name registration , 865.501127
digital camera , 1134.087726
video , 1823.495084
cheap ticket , 863.371682
auto , 1027.731888
travel canada , 849.08377
travel taiwan , 955.05033
taiwan travel , 807.214428
search engine marketing , 860.578903
tattoo , 957.368547
health , 1941.932324
entertainment , 1120.595504
free game , 915.313848
yahoo game , 874.441234
google search , 829.003218
mobile t , 789.1847
tmobile , 996.086618
green day , 993.086292
day green , 832.626609
girl , 1032.633377
hentai , 760.486208
news , 3004.081476
book , 948.453148
computer notebook , 1200.063468
notebook computer , 1756.955556
shopping , 999.406828
engine marketing search , 947.653017
online dating , 910.303694
software , 925.284701
insurance , 1290.924679
casino online , 805.791408
online casino , 2012.97285
photo , 867.991269
life insurance , 949.449633
car used , 1233.644928
sean paul , 970.100732
download free music , 1001.738458
used car , 939.225486
msn hotmail , 652.884592
disney channel , 1085.657261
channel disney , 1625.702398
education , 1871.00563
paid survey , 831.637901
dog , 984.845079
american restaurant , 1957.780541
game yahoo , 1203.201609
newspaper , 757.423214
southwest airline , 879.333042
dating online , 995.231333
home , 927.766358
cheap airfare , 889.008267
free music downloads , 877.765024
blue book kelly , 881.954847
kelly blue book , 795.817633
sports , 1724.740578
weight loss , 1001.444555
college , 1197.722337
buy car , 821.351966
buy a car , 968.581768
learn chinese , 905.831454
black eyed pea , 961.092944
online trading , 733.975733
new car , 996.868203
car new , 911.406084
myspace.com site , 1853.742124
well fargo , 1414.401718
airfare cheap , 932.081031
airline , 1001.064507
motorcycle , 874.59687
daddy yankee , 868.752561
gift idea , 866.354473
movie theater , 1975.180755
travel switzerland , 928.280779
auto trader , 841.765225
services tax , 817.696294
tax services , 1511.981581
office post , 841.490499
post office , 910.602951
aol mail , 721.16628
love , 1079.721753
game online , 900.498344
online game , 1017.274759
baseball , 1044.010791
fall out boy , 927.838742
chat rooms , 706.424925
chat room , 887.857886
mail , 3047.322747
hotmail msn , 1606.26668
search engine , 2001.039356
golf , 1166.359435
victorias secret , 1064.827958
circuit city , 782.702419
file tax , 971.868385
digital online photo , 791.786269
photo printing , 901.328653
driving direction , 986.877891
direction driving , 799.615753
airline ticket , 915.36481
friends , 923.763311
job search , 945.427767
download , 744.506399
sporting goods , 838.508896
personal loan , 945.811112
baseball , 842.433367
soccer , 970.094234
under armour , 932.20743
lindsay , 753.346546
drinking , 892.542831
so many searches , 1885.899201
one thousand , 2151.326976
wildwood new jersey , 1368.020363
almost there , 1046.214434
a thousand horses , 893.508143
the beatles , 1073.898506
electrical and computer engineering , 938.018821