first run , 1357.406404
O. J. Simpson , 1013.79952
Dog , 960.670979
O. J. Simpson , 1081.44254
William Shakespeare , 802.976829
Adam LaRoche , 806.504235
Chicago Cubs , 647.884833
Stephen Curry , 716.391952
Golden State Warriors , 827.378371
The Bible , 784.288953
Chevrolet , 664.757121
Ford Mustang , 728.124226
New York City , 753.589699
Margarita , 721.169897
University of North Carolina at Chapel Hill , 1011.701309
United States , 1438.278374
Moby , 958.083034
Labrador Retriever , 1018.185689
Beer , 948.367808
Duke Energy , 737.717227
Fashion , 660.744312
Wells Fargo , 969.64645
Water , 1048.701647
Tom Clancys The Division , 824.374148
US Senate , 959.655135
SpongeBob SquarePants , 735.625685
Antibiotics , 632.379956
Batman v Superman: Dawn of Justice , 818.331217
Justin Bieber , 829.744456
Donald Trump , 1092.498402
Donald Trump , 978.539015
Pizza Hut , 1027.402987
The Bachelor , 813.38496
Amazon.com , 860.832533
Albert Einstein , 647.128041
Christiano Ronaldo , 813.33418
FC Barcelona , 2251.778324
Java , 696.686819
Happy Birthday to You , 860.532451
Earth , 841.199372
Ford Mustang , 676.120365
Golden State Warriors , 761.400971
Justin Bieber , 974.653777
The Walking Dead , 732.435172
John Kasich , 939.126829
Jack Daniels , 1022.025335
Ariana Grande , 723.399307
Selena Gomez , 685.980256
Nancy Regan , 863.821328
Hulk Hogan , 680.204455
Cat , 807.741093
Horse , 832.771926
Fish , 713.955733
Bird , 975.215736
Conor McGregor , 860.004346
Stephen Curry , 556.639474
LeBron James , 674.452497
Hulk Hogan , 678.912364
Martin Luther King Jr. , 1000.134396
Marcia Clark , 745.296109
Dr. Seuss , 681.755481
Madonna , 810.720176
Babe Ruth , 692.031053
Jackie Robinson , 1254.06038
Derek Jeter , 807.042105
Alex Rodriguez , 706.266887
New York Yankees , 658.255002
Boston Red Sox , 736.633935
New York Mets , 749.953544
Washington Nationals , 783.275205
LeBron James , 578.586145
Kobe Bryant , 650.201906
Michael Jordan , 950.363768
Kyrie Irving , 828.03576
Los Angeles Lakes , 844.790849
Cleveland Cavaliers , 740.082445
Chicago Bulls , 956.221138
Duke Blue Devils mens basketball , 912.530332
To Kill a Mockingbird , 852.988073
The Great Gatsby , 919.004643
Whiskey Tango Foxtrot , 836.769493
Romeo and Juliet , 972.584238
Honda , 727.906486
Toyota , 928.768955
Mercedes-Benz , 761.230406
Dodge , 721.477004
Chevrolet Camaro , 734.553991
Honda Civic , 745.603976
Jeep Wrangler , 1028.915147
Chevrolet Corvette , 726.485682
Chicago , 794.041004
Las Vegas , 858.131544
Los Angeles , 840.880188
Houston , 925.873744
Martini , 721.889278
Old Fashioned , 636.538402
Bloody Mary , 732.112243
Moscow mule , 763.846777
Purdue University , 735.235533
Texas A&M University , 777.254233
Harvard University , 1012.246835
University of California Los Angeles , 901.332427
Mexico , 790.65815
India , 1064.840928
Canada , 922.589417
United Kingdom , 728.40099
Calvin Harris , 738.545593
Skrillex , 753.794036
deadmau5 , 767.854685
Avicii , 615.667955
Pit Bull , 1035.34215
German Shepherd , 685.695122
Siberian Husky , 790.350778
Bulldog , 1016.071013
Coffee , 868.991724
Wine , 730.697753
Milk , 907.772439
Tea , 691.450858
BP , 848.083826
Chevron , 726.194245
Royal Dutch Shell , 743.645546
National Grid plc , 599.543163
Forever 21 , 868.275027
H&M , 840.57991
American Eagle Outfitters , 740.34328
Zara , 630.518052
Chase , 1027.712716
Bank of America , 825.898502
Capital One , 735.748643
American Express , 819.916167
Chicken as food , 785.896739
Pizza , 806.947986
Cake , 749.234338
Egg , 730.821669
Fallout 4 , 682.51805
Agar.io , 516.015819
Call of Duty: Black Ops III , 739.786651
Lego , 794.011658
US Supreme Court , 674.421971
Federal Bureau of Investigation , 765.844545
US Congress , 696.524451
United Nations , 762.11089
Peppa Pig , 756.130822
Gravity Falls , 688.404645
Steven Universe , 970.462438
PAW Patrol , 2505.956554
Birth control , 812.991858
Ibuprofen , 653.970514
Traditional medicine , 635.596447
Paracetamol , 758.722046
Zootopia , 739.106804
Captain America: Civil War , 963.184506
Frozen , 929.496306
London Has Fallen , 743.507079
Kanye West , 738.592407
Rihanna , 647.024227
Drake , 723.939306
Beyonce , 764.927988
Bernie Sanders , 952.936535
Kim Kardashian , 660.963368
Hillary Clinton , 1093.185592
Ted Cruz , 1292.995981
Bernie Sanders , 1031.353092
Hillary Clinton , 958.156841
Ted Cruz , 1040.9306
Barack Obama , 1219.92231
Dominos Pizza , 667.930271
McDonalds , 869.886269
Papa Johns Pizza , 863.512037
Subway , 841.74155
American Idol , 784.010759
Dancing with the Stars , 730.056633
The Voice , 1057.879436
Survivor , 814.278242
Walmart , 1035.053584
Target Corporation , 779.054417
The Home Depot , 806.365806
Lowes , 806.842835
Thomas Jefferson , 884.18135
Plato , 819.321224
Benjamin Franklin , 665.595198
Leonardo da Vinci , 679.371377
Lionel Messi , 776.049981
Neymar , 1332.335398
David Beckham , 737.480086
Johan Cruyff , 833.446888
Real Madrid F.C. , 1214.547581
Manchester United F.C. , 832.913413
Arsenal F.C. , 835.739991
HTML , 908.218385
Python , 686.065377
JavaScript , 793.144898
SQL , 548.862661
Let It Go , 813.654588
Watch Me (Whip/Nae Nae) , 854.198062
Hotline Bling , 625.675076
Happy , 807.926115
Moon , 699.559913
Sun , 778.168593
Mars , 815.691417
Jupiter , 746.46938
Chevrolet Camaro , 732.484905
Chevrolet Corvette , 622.938758
Dodge Challenger , 735.343231
Dodge Charger (B-body) , 731.137021
FC Barcelona , 600.051447
Los Angeles Lakers , 750.235226
Cleveland Cavaliers , 756.41111
Dallas Cowboys , 834.075957
Beyonce , 744.018733
Taylor Swift , 746.35013
Selena Gomez , 681.770468
Miley Cyrus , 815.691415
The Bachelor , 966.371307
American Idol , 721.761825
Dancing with the Stars , 609.371284
Saturday Night Live , 807.103869
Ronald Reagan , 910.049666
Mitt Romney , 868.040527
Bill Clinton , 669.074955
Franklin D. Roosevelt , 686.102893
Jameson , 1412.441693
Fireball Cinnamon Whisky , 767.681055
Crown Royal , 741.582478
Johnnie Walker , 741.205083
Katt Williams , 830.825405
Miley Cyrus , 624.332682
Leonardo DiCaprio , 734.087059
Patty Duke , 687.795338
Ben Affleck , 653.913321
weather , 920.288886
translate , 561.48596
maps , 749.95733
news , 651.577771
calculator , 748.284388
g , 554.821136
youtube to mp3 , 656.1384
dictionary , 600.834244
f , 832.520672
translator , 649.415835
restaurants near me , 921.304259
movies , 803.041243
speed test , 983.526332
cheap flights , 710.917989
horoscope , 612.368255
unblocked games , 512.679863
solitare , 539.5243
mortgage calculator , 895.862048
calendar , 699.851589
games , 563.317439
map , 594.813954
love quotes , 604.632863
restaurants , 723.346092
social security , 709.166393
spanish translator , 523.86585
pill identifier , 730.651756
ny lottery , 625.735482
earth day quiz , 638.016577
nj lottery , 594.796367
periodic table , 813.988
tis the season , 682.656866
halloween , 687.33678
quotes , 623.345518
cheap tickets , 642.852565
spanish to english , 723.06378
cars , 1000.354893
pa lottery , 630.430977
happy birthday , 823.22741
ga lottery , 763.770074
reverse phone lookup , 799.495805
youtube converter , 538.700004
driving directions , 690.73949
directions , 718.784174
scrabble word finder , 662.554754
school closings , 635.948485
pizza , 705.457131
st patricks day , 670.656902
once upon a time , 861.73035
english to spanish translation , 618.00085
home , 818.982258
flights , 679.837678
test , 834.08951
usa jobs , 659.961547
b , 628.734639
mp3 converter , 655.805093
w , 585.666507
i , 571.470247
n , 784.438686
michigan lottery , 679.966845
weather nyc , 817.169345
Chicago weather , 826.231044
illinois lottery , 822.540167
us map , 730.032716
motherless , 823.994116
bmi calculator , 669.004385
texas lottery , 705.893793
zodiac signs , 726.13753
va lottery , 620.011867
currency converter , 677.185386
funny pictures , 535.358993
finance , 641.732388
internet speed test , 684.243749
labor day 2015 , 683.97132
speedtest , 592.68498
inspirational quotes , 641.745549
2015 calendar , 566.717903
hotels , 867.845097
typing web , 651.944331
oil prices , 835.489893
addicting games , 560.93236
post office , 819.950396
nc lottery , 635.343247
hello , 758.056888
what time is it , 940.154914
search , 892.673196
music , 678.099661
apartments for rent , 605.930859
j , 593.469441
free games , 609.112913
add reminder , 547.8018
synonyms , 511.090183
euro to dollar , 1055.832781
videos , 667.291521
weather forecast , 744.670134
college football scores , 616.63888
flight tracker , 795.151014
free movies online , 624.968925
flowers , 865.074872
funny jokes , 634.979232
yahoo , 646.769245
hotmail , 630.261046
lyrics , 740.680395
hotmail.com , 651.800746
yahoo.com , 654.864164
jokes , 572.558576
ebay , 725.935444
maps , 626.983295
games , 861.244384
warez , 452.515051
napster , 716.420464
www.hotmail.com , 616.486503
song lyrics , 615.31993
www.yahoo.com , 571.468832
dictionary , 643.402864
snes roms , 531.843867
mp3 , 617.980201
search engines , 785.027316
google , 680.799166
weather , 637.089307
autos , 777.717418
music , 712.841858
clip art , 761.688292
jobs , 816.629567
wallpaper , 693.993491
thumbzilla , 583.72698
Yahoo , 572.042555
chat , 653.223976
clipart , 654.751905
greeting cards , 633.013419
poems , 662.49891
Song Lyrics , 739.919195
winzip , 771.982288
recipes , 659.943404
dogs , 843.700649
travel , 632.390047
health , 724.051776
mapquest , 604.83917
britney spears , 973.154562
movies , 728.65826
PICTURES , 672.640156
pictures , 667.170247
ask jeeves , 596.709607
Pictures , 650.68954
baby names , 643.41542
poetry , 856.561364
flowers , 857.284744
free games , 543.8415
survivor , 846.028419
desktop themes , 610.856856
yellow pages , 647.29238
screensavers , 733.408194
quotes , 656.687943
taxes , 640.514473
Free Game Downloads , 1110.946064
sublime directory , 579.918735
prom dresses , 755.498883
horoscopes , 594.057399
southwest airlines , 866.560637
used cars , 989.75548
airline tickets , 870.967083
msn , 551.46134
marijuana , 749.105671
anime , 728.808658
kelly blue book , 757.334083
zip codes , 713.025427
gnutella , 646.604324
Lyrics , 648.465202
white pages , 799.876795
people search , 633.937878
free , 630.116934
irs , 857.612594
Maps , 590.618387
fonts , 565.540489
the huns yellow pages , 604.984047
spanking , 728.756172
backgrounds , 524.12932
cracks , 1055.459496
divx , 944.27247
hair styles , 1198.207103
chat rooms , 730.556357
jennifer lopez , 756.802789
The Huns Yellow Pages , 463.531194
abortion , 631.322566
screen savers , 567.763085
aol.com , 691.301967
search engine , 933.145483
andrea thompson , 838.64285
free fonts , 616.107736
online games , 610.192264
aol , 659.3549
tattoos , 608.332388
nes roms , 565.025839
freeware , 601.875961
free clip art , 794.604963
books , 1157.861179
consumer reports , 841.747226
ampland.com , 909.592603
tommys bookmarks , 517.896949
free pics , 914.510031
free clipart , 711.71549
driving directions , 617.206464
Free Clip Art , 533.698888
msn.com , 641.592821
free internet , 632.362735
amazon.com , 565.051353
e-cards , 638.894655
ellis island , 716.49632
diabetes , 635.042825
free stuff , 1032.433633
home depot , 647.930762
pokemon , 918.130913
job search , 763.359901
icq , 586.831188
holocaust , 671.534487
serialz , 472.272559
apartments , 693.008048
free isp , 698.695571
airlines , 685.705721
ebay.com , 643.916229
Music Lyrics , 720.114712
holiday inn , 854.102267
dogpile , 673.115078
auctions , 809.260206
currency converter , 565.080688
april fools , 804.501961
love poems , 1095.579331
dragonballz , 929.022812
richards realm , 650.179793
blank , 547.691085
Photos , 823.96896
bomis , 598.251426
genealogy , 744.923078
free essays , 652.525278
encyclopedia , 801.003653
funny pictures , 499.596074
mortgage calculator , 802.661781
cheats , 630.183755
gardening , 662.37531
geneology , 672.245474
guitar tabs , 548.888994
free email , 955.624556
free screensavers , 749.517255
Britney Spears , 806.746622
prom hairstyles , 1392.008232
playstation cheats , 544.164643
imesh , 621.05846
www.thehun.com , 475.996538
cloning , 665.46405
Free Clipart , 620.791953
Used Autos , 696.23862
area codes , 737.717896
nasa , 686.096241
freeones , 608.783432
roms , 537.67685
american airlines , 601.851457
horoscope , 461.860382
Auto Parts , 1078.551311
huns yellow pages , 546.976548
cd covers , 987.937274
cartoons , 650.721155
ticketmaster , 745.265293
sublimedirectory , 1168.739949
news , 2318.884101
icons , 642.117923
passwords , 731.504731
Lyrics Search , 524.445935
Snes Roms , 533.53283
house plans , 654.896909
harry potter , 956.160468
music lyrics , 641.787038
lesson plans , 678.195947
Travel Maps , 666.386056
resume , 604.118717
quotations , 627.592981
ecards , 555.872178
mortgage rates , 587.279341
dogfart , 649.117332
Driving Directions , 454.102547
boats , 898.80112
cats , 760.572483
lycos , 606.828644
Yahoo Mail , 555.683491
free mp3 , 538.039752
thongs , 681.491982
winamp , 679.464508
literotica.com , 605.92297
erotica , 808.117481
blue book , 595.24753
famous quotes , 540.193797
Online Games , 585.956441
n64 roms , 523.515748
personal finance , 863.087451
google.com , 753.68547
movie reviews , 693.517884
internal revenue service , 758.553717
Hotmail , 731.519293
monster.com , 750.594338
paintball , 756.761744
Jennifer Lopez , 754.890768
madonna , 732.025276
free wallpaper , 554.909488
united airlines , 671.951472
hotels , 917.799454
wav files , 671.435599
FREE , 665.071801
Prom Hairstyles , 508.70239
online dictionary , 595.638214
buddy icons , 556.227821
las vegas , 630.881025
eminem , 666.576043
white shadow , 746.77369
black and white , 770.968096
animated gifs , 598.602683
jjj , 661.259056
Used Cars , 652.077018
Yahoo.com , 702.652437
civil war , 777.852286
travelocity , 592.309689
ringtones , 518.637086
astrology , 603.811265
greenguy , 681.605382
Poems , 438.447698
Discount Travel , 671.048132
Free Downloads , 610.606662
desktop wallpaper , 596.388571
www.aol.com , 854.986079
Chat Rooms , 679.176246
wwf , 706.753107
golf , 1270.775833
hacking , 666.430986
real estate , 2987.238748
careers , 656.067441
computers , 798.889826
netscape , 712.987037
map , 548.003223
brooke burke , 639.098148
Andrea Thompson , 649.384169
free ringtones , 665.050733
animals , 721.79351
newspapers , 656.884224
northwest airlines , 608.878046
Free Screensavers , 627.293202
art , 885.121525
reverse lookup , 645.529557
sublimedirectory.com , 471.708723
mexico , 630.644272
pics , 769.176733
IRS , 746.412443
dog , 587.620387
posters , 831.697113
the sims , 706.560731
real player , 623.012033
free downloads , 530.853825
sears , 861.448267
gameboy roms , 567.816745
Mortgage Rates , 761.897682
digital cameras , 725.00042
Women Health , 728.850138
Pics , 653.425851
cliff notes , 598.771338
women , 761.760325
exchange rates , 866.352259
motorcycles , 714.946756
rotten.com , 624.031601
mame roms , 593.996785
Hotmail.com , 447.103887
continental airlines , 671.079868
photography , 671.632812
cinco de mayo , 876.268003
free greeting cards , 830.165288
Games , 650.537792
marks bookmarks , 496.487284
crack , 716.838175
excite , 558.42657
Free , 850.656724
shoes , 1031.936769
free screen savers , 622.609314
birthday cards , 730.673078
tattoo , 738.427237
www.ebay.com , 649.907983
free movies , 815.501582
crackz , 559.138656
drivers , 661.889195
stories , 593.71876
Game Downloads , 633.160781
horses , 667.27363
webcam , 666.998677
time , 789.766989
love , 701.462967
picpost , 920.882597
dragon ball z , 698.00034
cards , 618.40364
mortgages , 914.273559
RPG , 693.383762
scholarships , 579.748253
shareware , 740.522637
bestiality , 793.027879
game cracks , 530.54761
author , 616.713377
astalavista , 510.454043
disney , 1009.39172
honda , 1031.926576
free music , 832.838839
dragonball z , 782.542728
wallpapers , 808.767281
Mp3 Download , 523.843582
Napster , 495.551504
models , 625.591072
china , 673.457148
www.google.com , 552.496001
AS400 , 538.01669
Harry Potter , 840.226529
microsoft , 667.591284
altavista , 1056.89522
delta airlines , 741.29804
yoga , 987.336713
death penalty , 742.255286
thehun.com , 705.941153
excite.com , 518.270276
everquest , 576.650219
free web hosting , 603.857862
people finder , 914.873582
Msn Hotmail , 552.454472
direct tv , 742.997347
Napster Download , 617.576888
tires , 830.028863
movie trailers , 666.708926
Free Music Downloads , 628.558663
newsgroups , 567.033632
Free Greeting Cards , 573.479106
time zones , 733.208078
Internal RevenueService , 584.445866
Poetry , 600.712056
amazon , 748.185335
emulators , 534.299127
auto parts , 940.757908
science fair project , 648.881804
capital punishment , 599.310175
Tattoo Designs , 672.522519
vietnam war , 697.322628
tatoos , 783.219372
elephantlist , 510.755568
www.msn.com , 541.862519
AS/400 , 649.279394
Southwest Airlines , 664.850661
Free Wallpaper , 536.986164
air canada , 916.684557
japan , 822.997115
Airline Tickets , 834.988375
verizon , 875.180682
carmen electra , 757.123843
Dog Breeds , 756.89497
music videos , 829.71457
easter , 917.482767
viagra , 857.83073
employment , 698.854943
directions , 628.30073
nascar , 969.445738
Yahoo Email , 596.882608
webcams , 579.859907
sheet music , 635.896682
world map , 754.014824
Hotels , 1009.285154
credit cards , 901.691525
e-bay , 909.35134
email , 613.055062
anna kournikova , 706.634787
espn , 776.306575
dragons , 720.149291
radio stations , 621.187057
guns , 658.360365
atomic clock , 639.12413
suicide , 664.156702
dvd , 828.778302
hewlett packard , 606.176827
wild cherries , 729.177289
howard stern , 637.050112
tax forms , 669.674708
Used Boats , 660.128867
downloads , 864.407664
fosi , 777.515824
snakes , 716.955074
skateboarding , 855.113081
Free Mp3 , 622.692048
Italy , 690.804266
abandonware , 487.579975
Road Maps , 854.160435
car rental , 723.495151
fibromyalgia , 635.680692
Free Screen Savers , 524.564527
Free Online Games , 650.38489
free pictures , 863.224359
radio , 840.403466
Warez , 533.69896
appz , 735.852509
www.ampland.com , 659.808496
Famous Quotes , 517.692576
Jokes , 446.337445
Online Dictionary , 621.152994
web hosting , 672.506892
e cards , 701.077566
free software , 746.484042
cheap flights , 655.741552
Software Cracks , 511.809296
gun control , 722.640459
Holocaust , 690.330757
Free People Search , 708.347392
thumbnails , 573.191385
persiankitty.com , 472.77541
javascript , 618.615525
CDA-W550 , 556.947153
map quest , 670.955593
AGL , 673.906283
sound effects , 586.015151
mad cow disease , 768.56537
Desktop Wallpaper , 1027.416644
GAMES , 640.083889
cheap airline tickets , 627.011226
mp3 downloads , 629.059786
flash , 664.015195
nokia , 770.59595
cnn , 734.744678
simpsons , 675.134836
amtrak , 1139.507745
child abuse , 926.98714
digital camera , 747.415864
walmart , 710.400726
fish , 722.114785
translator , 2361.663732
kids , 1212.118211
global warming , 827.58412
australia , 936.391531
names , 825.079971
bmw , 801.910395
adobe acrobat , 760.168664
digimon , 655.445992
dsl , 840.833656
dog breeds , 721.168257
free backgrounds , 709.658385
soccer , 636.333397
pubmed , 614.336246
work at home , 775.570147
world war 2 , 766.785934
shakespeare , 720.442575
Vietnam War , 692.657739
Airfare , 672.005139
Free Desktop Themes , 731.610594
Real Estate Listings , 737.095416
qxapoiu , 528.64701
pogo.com , 647.130159
Weather Forecast , 722.910897
baseball , 934.802555
lord of the rings , 1034.291616
resumes , 671.938962
Jobs , 588.870732
quicktime , 598.28706
birds , 958.578671
spain , 671.918227
lupus , 790.170093
car audio , 841.176701
Free Nokia Ringtones , 649.551846
thumbzilla.com , 506.389313
photos , 502.292716
portalmix , 572.016611
midi , 632.906675
history , 795.089641
smoking , 626.427292
dodge , 818.87474
OS/400 , 566.89348
harley davidson , 866.948556
serial numbers , 608.448602
toyota , 788.856921
money , 867.071399
free internet access , 676.86691
legal , 665.526997
Japan , 759.286096
sports , 1039.259845
divx codec , 523.392248
naturist , 539.126455
graphics , 634.341849
humor , 665.09322
restaurant , 846.220317
download music , 615.818033
music download , 613.998274
language school , 813.103933
food , 783.153684
english learn , 576.963334
learn english , 774.681775
internet explorer , 623.502487
currency trade , 628.663025
game , 728.381982
transfer money overseas , 718.785746
car insurance , 1210.28518
music , 1108.673411
abroad study , 745.771493
my space , 536.366149
cellular phone , 963.955723
cell phone , 741.228704
study abroad , 626.756052
weather , 766.595711
travel asia , 579.465786
car , 744.929947
yahoo mail , 505.01302
travel , 593.315497
american idol , 771.099597
people search , 742.527255
internet explorer , 603.458129
travel europe , 756.610128
travel mexico , 847.945132
real estate , 1004.659314
credit card , 622.172718
ecard , 571.121595
attorney , 619.543687
computer , 807.887816
map , 690.799002
bank of america , 859.530216
bank america , 717.786954
home depot , 1313.741621
dictionary , 499.91993
movie , 863.958857
job , 864.134297
lyric , 638.6223
travel south america , 645.307602
jobs , 225.449841
spain travel , 1066.578556
flower , 788.318445
web hosting , 554.885457
loan , 593.958337
myspace layout , 601.042191
business , 1020.429164
career training , 733.642061
travel central america , 774.941398
tax filing , 768.337894
car rental , 820.270707
travel china , 781.818515
estate real , 983.462805
internet provider , 864.858725
education online , 719.562072
dating services , 764.841671
dating , 633.794161
laptop , 582.568592
all event , 1013.524491
white pages , 478.414763
travel france , 581.124461
yellow pages , 789.086649
irs , 715.5408
cartoon network , 1284.075305
recipe , 801.471672
chris brown , 865.240439
learn spanish , 668.579003
horoscope , 609.803575
dating site , 775.774922
canada travel , 597.33913
best buy , 888.774349
jewelry , 724.918297
domain name registration , 660.948485
digital camera , 647.137656
video , 883.443844
cheap ticket , 746.776084
auto , 832.585941
travel canada , 625.093623
travel taiwan , 762.886041
taiwan travel , 863.744358
search engine marketing , 896.826586
tattoo , 673.037936
health , 1321.713968
entertainment , 859.418697
free game , 731.40265
yahoo game , 646.654627
google search , 645.230186
mobile t , 662.362728
tmobile , 1339.211705
green day , 855.879661
day green , 720.256238
girl , 778.626556
hentai , 1047.151075
news , 720.940124
book , 1124.233121
computer notebook , 771.94047
notebook computer , 735.993803
shopping , 758.593884
engine marketing search , 612.6704
online dating , 744.22415
software , 635.346533
insurance , 849.157481
casino online , 640.839423
online casino , 726.854343
photo , 662.657555
life insurance , 954.794827
car used , 743.747741
sean paul , 972.360662
download free music , 685.50737
used car , 968.242983
msn hotmail , 528.157669
disney channel , 765.551795
channel disney , 718.076237
education , 638.071126
paid survey , 928.598165
dog , 784.199659
american restaurant , 969.817304
game yahoo , 822.495152
newspaper , 1188.518762
southwest airline , 631.708605
dating online , 731.772217
home , 676.982484
cheap airfare , 926.369475
free music downloads , 594.153973
blue book kelly , 846.590389
kelly blue book , 607.793584
sports , 703.06285
weight loss , 1120.836852
college , 959.272403
buy car , 815.479622
buy a car , 866.647989
learn chinese , 732.531499
black eyed pea , 856.235112
online trading , 705.526623
new car , 640.197116
car new , 667.054247
myspace.com site , 752.181492
well fargo , 961.557282
airfare cheap , 831.409563
airline , 751.946104
motorcycle , 1069.736513
daddy yankee , 841.757556
gift idea , 609.663027
movie theater , 932.87907
travel switzerland , 707.461212
auto trader , 627.28865
services tax , 752.377701
tax services , 843.508016
office post , 835.195716
post office , 691.335978
aol mail , 592.896415
love , 755.660236
game online , 722.026808
online game , 654.375974
baseball , 827.417166
fall out boy , 798.232179
chat rooms , 537.795635
chat room , 581.567657
mail , 629.27349
hotmail msn , 533.239459
search engine , 614.10955
golf , 842.073166
victorias secret , 684.452231
circuit city , 696.734291
file tax , 1080.527541
digital online photo , 647.38776
photo printing , 706.696413
driving direction , 867.028053
direction driving , 589.336103
airline ticket , 713.471835
friends , 810.171119
job search , 847.409529
download , 912.731224
sporting goods , 727.805517
personal loan , 709.739241
baseball , 650.39184
soccer , 735.162341
under armour , 748.268711
lindsay , 832.716941
drinking , 630.360641
so many searches , 701.799611
one thousand , 830.327321
wildwood new jersey , 775.054651
almost there , 1167.985176
a thousand horses , 667.913986
the beatles , 744.495128
electrical and computer engineering , 719.527321