first run , 671.723259
O. J. Simpson , 778.46468
Dog , 368.623313
O. J. Simpson , 434.269844
William Shakespeare , 292.148551
Adam LaRoche , 180.377485
Chicago Cubs , 180.856145
Stephen Curry , 224.550463
Golden State Warriors , 256.578862
The Bible , 222.68984
Chevrolet , 172.265761
Ford Mustang , 1322.027972
New York City , 181.242543
Margarita , 195.55817
University of North Carolina at Chapel Hill , 310.492429
United States , 184.319955
Moby , 211.307533
Labrador Retriever , 237.428782
Beer , 178.880559
Duke Energy , 215.859689
Fashion , 149.469284
Wells Fargo , 178.783504
Water , 225.419556
Tom Clancys The Division , 202.423098
US Senate , 159.057052
SpongeBob SquarePants , 224.419781
Antibiotics , 173.653554
Batman v Superman: Dawn of Justice , 236.46855
Justin Bieber , 185.963612
Donald Trump , 189.199704
Donald Trump , 257.614327
Pizza Hut , 185.52509
The Bachelor , 180.855279
Amazon.com , 163.052091
Albert Einstein , 151.84307
Christiano Ronaldo , 196.978483
FC Barcelona , 169.218531
Java , 165.379685
Happy Birthday to You , 182.926796
Earth , 127.045937
Ford Mustang , 170.662506
Golden State Warriors , 188.748974
Justin Bieber , 356.780254
The Walking Dead , 345.56209
John Kasich , 169.53589
Jack Daniels , 149.573083
Ariana Grande , 242.39955
Selena Gomez , 200.412064
Nancy Regan , 269.058266
Hulk Hogan , 181.457708
Cat , 152.792983
Horse , 148.546619
Fish , 150.398583
Bird , 130.562207
Conor McGregor , 154.310965
Stephen Curry , 148.306646
LeBron James , 155.373801
Hulk Hogan , 264.167046
Martin Luther King Jr. , 181.325062
Marcia Clark , 147.54034
Dr. Seuss , 150.905176
Madonna , 207.204654
Babe Ruth , 171.530379
Jackie Robinson , 164.630786
Derek Jeter , 141.663363
Alex Rodriguez , 336.418664
New York Yankees , 180.925924
Boston Red Sox , 187.261174
New York Mets , 158.600143
Washington Nationals , 212.324704
LeBron James , 269.606095
Kobe Bryant , 151.218343
Michael Jordan , 151.75498
Kyrie Irving , 151.659363
Los Angeles Lakes , 280.431321
Cleveland Cavaliers , 211.152866
Chicago Bulls , 169.354513
Duke Blue Devils mens basketball , 251.856376
To Kill a Mockingbird , 181.878437
The Great Gatsby , 167.026214
Whiskey Tango Foxtrot , 198.340308
Romeo and Juliet , 274.912008
Honda , 138.765686
Toyota , 166.562185
Mercedes-Benz , 392.525614
Dodge , 165.29072
Chevrolet Camaro , 165.632039
Honda Civic , 149.470419
Jeep Wrangler , 150.816132
Chevrolet Corvette , 160.970634
Chicago , 152.584956
Las Vegas , 169.255534
Los Angeles , 236.219511
Houston , 167.706654
Martini , 165.340868
Old Fashioned , 152.050323
Bloody Mary , 157.84859
Moscow mule , 177.19345
Purdue University , 201.341909
Texas A&M University , 196.043506
Harvard University , 202.232333
University of California Los Angeles , 371.946034
Mexico , 143.762906
India , 138.632709
Canada , 162.368904
United Kingdom , 188.819694
Calvin Harris , 212.791743
Skrillex , 199.068984
deadmau5 , 173.407305
Avicii , 200.628771
Pit Bull , 161.03745
German Shepherd , 180.743847
Siberian Husky , 173.63982
Bulldog , 154.44511
Coffee , 165.337646
Wine , 154.297148
Milk , 136.665637
Tea , 181.410129
BP , 154.489218
Chevron , 134.817968
Royal Dutch Shell , 176.558645
National Grid plc , 189.320204
Forever 21 , 218.666352
H&M , 134.266372
American Eagle Outfitters , 218.81143
Zara , 143.159934
Chase , 141.856855
Bank of America , 192.240691
Capital One , 187.757772
American Express , 202.412187
Chicken as food , 182.278797
Pizza , 276.932701
Cake , 149.451597
Egg , 230.648516
Fallout 4 , 143.142966
Agar.io , 144.081707
Call of Duty: Black Ops III , 3514.717159
Lego , 136.885634
US Supreme Court , 184.09921
Federal Bureau of Investigation , 304.387973
US Congress , 148.573205
United Nations , 192.989814
Peppa Pig , 146.137214
Gravity Falls , 206.864646
Steven Universe , 204.292224
PAW Patrol , 171.281044
Birth control , 217.751944
Ibuprofen , 219.192393
Traditional medicine , 175.898807
Paracetamol , 145.697894
Zootopia , 144.541769
Captain America: Civil War , 222.597342
Frozen , 151.224723
London Has Fallen , 223.446681
Kanye West , 190.406386
Rihanna , 199.337383
Drake , 183.023412
Beyonce , 198.418611
Bernie Sanders , 212.432593
Kim Kardashian , 173.9701
Hillary Clinton , 161.572633
Ted Cruz , 162.665276
Bernie Sanders , 393.131245
Hillary Clinton , 294.19333
Ted Cruz , 487.796268
Barack Obama , 447.773569
Dominos Pizza , 408.132517
McDonalds , 182.624178
Papa Johns Pizza , 545.287307
Subway , 150.289361
American Idol , 209.404651
Dancing with the Stars , 284.93924
The Voice , 162.622273
Survivor , 248.950173
Walmart , 201.089516
Target Corporation , 196.719979
The Home Depot , 170.673131
Lowes , 165.690419
Thomas Jefferson , 706.346535
Plato , 203.075227
Benjamin Franklin , 163.640296
Leonardo da Vinci , 210.26941
Lionel Messi , 150.477028
Neymar , 134.216697
David Beckham , 196.015936
Johan Cruyff , 313.658518
Real Madrid F.C. , 165.64365
Manchester United F.C. , 228.299313
Arsenal F.C. , 179.367794
HTML , 162.454372
Python , 130.346275
JavaScript , 157.595896
SQL , 130.345553
Let It Go , 145.066229
Watch Me (Whip/Nae Nae) , 185.298882
Hotline Bling , 158.172754
Happy , 135.878497
Moon , 136.13501
Sun , 133.628662
Mars , 129.695761
Jupiter , 179.078634
Chevrolet Camaro , 156.824692
Chevrolet Corvette , 155.073267
Dodge Challenger , 187.304498
Dodge Charger (B-body) , 365.499523
FC Barcelona , 153.514576
Los Angeles Lakers , 181.781822
Cleveland Cavaliers , 173.694472
Dallas Cowboys , 185.957476
Beyonce , 155.45471
Taylor Swift , 228.819744
Selena Gomez , 157.467813
Miley Cyrus , 193.116536
The Bachelor , 545.70206
American Idol , 175.747388
Dancing with the Stars , 207.007639
Saturday Night Live , 187.338609
Ronald Reagan , 179.987176
Mitt Romney , 215.506372
Bill Clinton , 218.518941
Franklin D. Roosevelt , 203.808361
Jameson , 155.975719
Fireball Cinnamon Whisky , 225.351438
Crown Royal , 241.254861
Johnnie Walker , 161.039202
Katt Williams , 306.39886
Miley Cyrus , 854.084849
Leonardo DiCaprio , 211.673822
Patty Duke , 202.535748
Ben Affleck , 210.368593
weather , 176.443612
translate , 206.209191
maps , 148.456121
news , 139.915513
calculator , 216.886402
g , 177.019456
youtube to mp3 , 311.991703
dictionary , 207.19069
f , 148.565134
translator , 158.770515
restaurants near me , 178.016654
movies , 139.911378
speed test , 219.869869
cheap flights , 161.369434
horoscope , 156.599686
unblocked games , 188.563693
solitare , 170.209549
mortgage calculator , 181.057938
calendar , 164.788908
games , 144.652626
map , 178.152822
love quotes , 145.604108
restaurants , 144.05439
social security , 188.814525
spanish translator , 170.80788
pill identifier , 166.767252
ny lottery , 153.268738
earth day quiz , 164.179428
nj lottery , 152.168299
periodic table , 162.255847
tis the season , 205.110412
halloween , 159.003827
quotes , 142.017976
cheap tickets , 171.806669
spanish to english , 229.187313
cars , 183.163025
pa lottery , 168.168958
happy birthday , 181.983976
ga lottery , 153.689173
reverse phone lookup , 223.732525
youtube converter , 238.012291
driving directions , 339.652411
directions , 182.667188
scrabble word finder , 192.577188
school closings , 175.882034
pizza , 228.599246
st patricks day , 179.96695
once upon a time , 212.382222
english to spanish translation , 305.456958
home , 154.66511
flights , 153.205668
test , 228.623731
usa jobs , 209.112454
b , 148.479719
mp3 converter , 156.28485
w , 177.02584
i , 120.715715
n , 156.621632
michigan lottery , 164.058175
weather nyc , 173.237352
Chicago weather , 167.003638
illinois lottery , 4091.154958
us map , 178.005476
motherless , 152.206881
bmi calculator , 137.701207
texas lottery , 170.512692
zodiac signs , 173.865081
va lottery , 181.854344
currency converter , 194.702621
funny pictures , 162.240384
finance , 413.989412
internet speed test , 186.270446
labor day 2015 , 172.171842
speedtest , 167.511987
inspirational quotes , 242.966913
2015 calendar , 166.48489
hotels , 212.580703
typing web , 280.534443
oil prices , 149.008443
addicting games , 160.50449
post office , 176.789077
nc lottery , 181.626218
hello , 154.523061
what time is it , 172.819166
search , 126.179989
music , 135.769412
apartments for rent , 200.772378
j , 128.435628
free games , 187.960717
add reminder , 167.471136
synonyms , 137.956647
euro to dollar , 159.201704
videos , 139.824152
weather forecast , 165.357502
college football scores , 225.744469
flight tracker , 159.504655
free movies online , 176.148219
flowers , 160.80003
funny jokes , 181.525418
yahoo , 134.355548
hotmail , 170.363557
lyrics , 135.770311
hotmail.com , 149.575661
yahoo.com , 143.41885
jokes , 146.90003
ebay , 293.820751
maps , 146.019291
games , 149.530215
warez , 139.784672
napster , 183.334874
www.hotmail.com , 242.323114
song lyrics , 170.218549
www.yahoo.com , 168.183095
dictionary , 187.122168
snes roms , 310.868127
mp3 , 172.994037
search engines , 183.035104
google , 165.215528
weather , 780.444816
autos , 172.903332
music , 149.346544
clip art , 139.469649
jobs , 163.649296
wallpaper , 178.256237
thumbzilla , 182.47984
Yahoo , 228.320853
chat , 149.487985
clipart , 161.664428
greeting cards , 158.75593
poems , 182.358325
Song Lyrics , 255.552614
winzip , 140.202992
recipes , 147.431579
dogs , 138.577929
travel , 129.766537
health , 134.307033
mapquest , 148.638433
britney spears , 160.016083
movies , 340.986865
PICTURES , 176.066197
pictures , 226.936145
ask jeeves , 191.499709
Pictures , 269.227168
baby names , 168.143818
poetry , 160.218818
flowers , 142.301306
free games , 192.679914
survivor , 539.583232
desktop themes , 179.788715
yellow pages , 192.735846
screensavers , 149.454393
quotes , 171.623903
taxes , 135.947002
Free Game Downloads , 735.027025
sublime directory , 158.471323
prom dresses , 167.241742
horoscopes , 204.619333
southwest airlines , 173.74359
used cars , 250.761579
airline tickets , 176.712393
msn , 145.280312
marijuana , 224.249588
anime , 140.06392
kelly blue book , 186.525658
zip codes , 155.396164
gnutella , 166.283279
Lyrics , 182.04743
white pages , 174.381299
people search , 174.535923
free , 169.888198
irs , 137.037516
Maps , 164.095102
fonts , 135.892838
the huns yellow pages , 203.876248
spanking , 189.48485
backgrounds , 174.884499
cracks , 143.323526
divx , 155.588891
hair styles , 197.681689
chat rooms , 180.931846
jennifer lopez , 162.596495
The Huns Yellow Pages , 269.681118
abortion , 131.689531
screen savers , 150.871759
aol.com , 138.136443
search engine , 156.067517
andrea thompson , 160.458937
free fonts , 145.735172
online games , 169.92356
aol , 169.87071
tattoos , 183.558891
nes roms , 195.898325
freeware , 136.76369
free clip art , 168.204071
books , 185.877406
consumer reports , 184.580233
ampland.com , 160.83466
tommys bookmarks , 186.748209
free pics , 151.442246
free clipart , 177.905392
driving directions , 163.439125
Free Clip Art , 245.855083
msn.com , 222.36588
free internet , 228.364975
amazon.com , 172.619383
e-cards , 236.227153
ellis island , 172.180025
diabetes , 212.9657
free stuff , 169.640233
home depot , 226.79091
pokemon , 164.903033
job search , 170.505831
icq , 137.635874
holocaust , 177.500493
serialz , 150.309032
apartments , 157.148258
free isp , 157.874451
airlines , 140.275838
ebay.com , 156.107776
Music Lyrics , 172.733643
holiday inn , 165.666482
dogpile , 233.888624
auctions , 128.585135
currency converter , 186.342891
april fools , 155.128795
love poems , 204.21935
dragonballz , 151.590192
richards realm , 192.17006
blank , 137.68221
Photos , 149.275942
bomis , 127.436447
genealogy , 200.307277
free essays , 148.520738
encyclopedia , 149.532363
funny pictures , 225.692935
mortgage calculator , 195.199344
cheats , 154.604966
gardening , 158.860802
geneology , 188.85259
guitar tabs , 159.164418
free email , 189.19438
free screensavers , 186.959166
Britney Spears , 202.330806
prom hairstyles , 175.651091
playstation cheats , 202.223956
imesh , 139.150232
www.thehun.com , 196.551699
cloning , 142.248429
Free Clipart , 193.84164
Used Autos , 148.210814
area codes , 190.912233
nasa , 142.117766
freeones , 195.594523
roms , 126.24195
american airlines , 203.9443
horoscope , 199.321733
Auto Parts , 215.834693
huns yellow pages , 225.846571
cd covers , 409.130275
cartoons , 153.249879
ticketmaster , 168.679755
sublimedirectory , 185.874039
news , 156.957397
icons , 157.064715
passwords , 214.679443
Lyrics Search , 162.449913
Snes Roms , 153.637093
house plans , 165.45
harry potter , 302.598324
music lyrics , 285.29953
lesson plans , 153.974669
Travel Maps , 175.905626
resume , 246.07927
quotations , 176.539939
ecards , 143.853991
mortgage rates , 160.065502
dogfart , 182.333173
Driving Directions , 175.663855
boats , 183.38875
cats , 180.923082
lycos , 157.073528
Yahoo Mail , 175.689104
free mp3 , 197.994135
thongs , 185.494943
winamp , 137.472624
literotica.com , 179.42253
erotica , 145.40502
blue book , 919.934598
famous quotes , 318.714258
Online Games , 263.37839
n64 roms , 148.93032
personal finance , 234.171065
google.com , 200.695612
movie reviews , 273.058523
internal revenue service , 246.068804
Hotmail , 246.630884
monster.com , 186.967653
paintball , 204.811017
Jennifer Lopez , 210.062383
madonna , 401.480422
free wallpaper , 212.373906
united airlines , 204.108003
hotels , 156.298903
wav files , 261.770487
FREE , 139.04878
Prom Hairstyles , 209.520803
online dictionary , 171.797443
buddy icons , 182.356581
las vegas , 374.354064
eminem , 186.755569
white shadow , 280.525044
black and white , 226.158769
animated gifs , 204.115533
jjj , 187.199606
Used Cars , 198.374696
Yahoo.com , 148.806325
civil war , 170.170204
travelocity , 183.868152
ringtones , 155.587312
astrology , 160.872543
greenguy , 169.522029
Poems , 133.340031
Discount Travel , 246.584872
Free Downloads , 169.249376
desktop wallpaper , 202.375071
www.aol.com , 159.075887
Chat Rooms , 188.322082
wwf , 136.151361
golf , 177.41148
hacking , 182.69327
real estate , 187.969764
careers , 160.913955
computers , 369.55797
netscape , 169.293657
map , 145.387453
brooke burke , 160.825093
Andrea Thompson , 166.703742
free ringtones , 165.252909
animals , 155.257677
newspapers , 143.404286
northwest airlines , 193.344494
Free Screensavers , 255.5496
art , 136.62635
reverse lookup , 170.422177
sublimedirectory.com , 170.646786
mexico , 152.67436
pics , 134.70605
IRS , 121.834703
dog , 153.541097
posters , 145.948367
the sims , 147.484449
real player , 199.12007
free downloads , 179.809213
sears , 161.205818
gameboy roms , 191.627489
Mortgage Rates , 164.406643
digital cameras , 235.701993
Women Health , 259.634735
Pics , 211.08087
cliff notes , 577.01403
women , 179.333783
exchange rates , 191.424265
motorcycles , 162.819917
rotten.com , 154.180238
mame roms , 151.610034
Hotmail.com , 156.722988
continental airlines , 178.247303
photography , 157.430452
cinco de mayo , 189.404245
free greeting cards , 225.574882
Games , 139.737652
marks bookmarks , 223.808716
crack , 182.19165
excite , 145.564316
Free , 152.755448
shoes , 236.84667
free screen savers , 201.615232
birthday cards , 184.690294
tattoo , 137.83915
www.ebay.com , 169.388191
free movies , 155.804273
crackz , 133.951632
drivers , 135.40526
stories , 144.207772
Game Downloads , 1329.068693
horses , 237.78138
webcam , 145.948008
time , 160.299596
love , 132.306519
picpost , 183.81055
dragon ball z , 155.02895
cards , 142.528685
mortgages , 185.404895
RPG , 149.043635
scholarships , 153.483617
shareware , 160.443933
bestiality , 158.18137
game cracks , 147.569956
author , 143.477685
astalavista , 163.957025
disney , 134.788078
honda , 156.07415
free music , 191.096582
dragonball z , 151.252787
wallpapers , 208.160178
Mp3 Download , 185.204252
Napster , 155.544443
models , 327.292437
china , 147.429473
www.google.com , 185.949404
AS400 , 163.940149
Harry Potter , 183.075419
microsoft , 161.560883
altavista , 264.937253
delta airlines , 161.660323
yoga , 157.901308
death penalty , 317.751748
thehun.com , 295.382533
excite.com , 189.875632
everquest , 177.509444
free web hosting , 225.280667
people finder , 205.780582
Msn Hotmail , 163.309234
direct tv , 158.696237
Napster Download , 280.147781
tires , 191.757732
movie trailers , 209.317018
Free Music Downloads , 223.398817
newsgroups , 167.530386
Free Greeting Cards , 207.029345
time zones , 158.191
Internal RevenueService , 336.641532
Poetry , 164.279798
amazon , 154.141158
emulators , 204.718255
auto parts , 162.709281
science fair project , 440.514523
capital punishment , 266.320255
Tattoo Designs , 200.967747
vietnam war , 188.683715
tatoos , 148.122081
elephantlist , 155.511989
www.msn.com , 156.198971
AS/400 , 136.752238
Southwest Airlines , 288.010918
Free Wallpaper , 327.068108
air canada , 182.100078
japan , 185.721187
Airline Tickets , 212.768043
verizon , 159.401921
carmen electra , 837.294524
Dog Breeds , 183.380874
music videos , 239.882617
easter , 186.667603
viagra , 150.743895
employment , 751.167401
directions , 184.054014
nascar , 161.036509
Yahoo Email , 425.615148
webcams , 181.641715
sheet music , 167.919492
world map , 172.094417
Hotels , 199.875304
credit cards , 195.947683
e-bay , 162.057363
email , 436.875657
anna kournikova , 199.994735
espn , 144.479055
dragons , 178.413841
radio stations , 229.200585
guns , 178.454841
atomic clock , 203.36506
suicide , 227.252851
dvd , 143.313699
hewlett packard , 195.618396
wild cherries , 210.590045
howard stern , 3999.335529
tax forms , 849.288287
Used Boats , 224.253012
downloads , 997.696137
fosi , 171.897401
snakes , 176.339938
skateboarding , 237.040269
Free Mp3 , 162.786906
Italy , 194.300323
abandonware , 202.824002
Road Maps , 252.581297
car rental , 164.900838
fibromyalgia , 173.294241
Free Screen Savers , 186.114129
Free Online Games , 206.89064
free pictures , 250.983777
radio , 135.347521
Warez , 175.23451
appz , 185.669477
www.ampland.com , 381.080978
Famous Quotes , 174.507253
Jokes , 148.735692
Online Dictionary , 195.863538
web hosting , 227.638504
e cards , 166.454149
free software , 162.972347
cheap flights , 195.353807
Software Cracks , 280.564885
gun control , 179.243477
Holocaust , 159.93338
Free People Search , 205.094455
thumbnails , 199.464056
persiankitty.com , 202.006595
javascript , 141.692003
CDA-W550 , 393.514405
map quest , 144.68975
AGL , 150.334021
sound effects , 184.514109
mad cow disease , 178.440609
Desktop Wallpaper , 190.240986
GAMES , 147.215589
cheap airline tickets , 175.7379
mp3 downloads , 326.673688
flash , 166.306301
nokia , 153.531945
cnn , 151.517674
simpsons , 204.165736
amtrak , 216.07109
child abuse , 227.084789
digital camera , 185.103688
walmart , 151.729562
fish , 180.493622
translator , 199.912759
kids , 149.232899
global warming , 252.553578
australia , 268.989023
names , 146.383521
bmw , 146.407553
adobe acrobat , 185.050057
digimon , 187.51396
dsl , 139.499322
dog breeds , 399.895068
free backgrounds , 212.310452
soccer , 287.629011
pubmed , 166.763052
work at home , 196.149926
world war 2 , 194.401634
shakespeare , 180.040442
Vietnam War , 194.386526
Airfare , 155.622529
Free Desktop Themes , 413.127717
Real Estate Listings , 218.28497
qxapoiu , 150.064624
pogo.com , 148.912236
Weather Forecast , 196.668088
baseball , 247.521454
lord of the rings , 223.880901
resumes , 168.063457
Jobs , 144.680937
quicktime , 182.036168
birds , 167.179905
spain , 147.00903
lupus , 167.884986
car audio , 167.206275
Free Nokia Ringtones , 257.419627
thumbzilla.com , 169.537528
photos , 314.481403
portalmix , 181.165992
midi , 141.922698
history , 174.277874
smoking , 202.006478
dodge , 302.916379
OS/400 , 787.36638
harley davidson , 245.664365
serial numbers , 261.027173
toyota , 196.098353
money , 172.931035
free internet access , 217.925048
legal , 166.560602
Japan , 298.550501
sports , 157.038311
divx codec , 166.424968
naturist , 190.456106
graphics , 173.590906
humor , 146.951204
restaurant , 431.223997
download music , 180.023714
music download , 178.682387
language school , 180.444194
food , 154.69588
english learn , 186.978961
learn english , 175.222125
internet explorer , 176.296971
currency trade , 201.751804
game , 381.23195
transfer money overseas , 224.961302
car insurance , 175.77824
music , 185.136097
abroad study , 216.034646
my space , 180.948016
cellular phone , 225.667212
cell phone , 222.039634
study abroad , 212.799933
weather , 223.7847
travel asia , 233.852155
car , 183.825308
yahoo mail , 299.549499
travel , 157.98651
american idol , 185.875761
people search , 206.823736
internet explorer , 322.973517
travel europe , 260.408058
travel mexico , 213.309184
real estate , 157.012195
credit card , 154.819076
ecard , 153.855605
attorney , 182.003803
computer , 155.484557
map , 143.094164
bank of america , 204.7522
bank america , 462.028352
home depot , 178.565333
dictionary , 1195.573325
movie , 180.984815
job , 181.62971
lyric , 158.084599
travel south america , 243.332396
jobs , 283.545884
spain travel , 176.962717
flower , 148.614072
web hosting , 160.132376
loan , 168.541295
myspace layout , 183.684527
business , 155.032761
career training , 323.74257
travel central america , 246.713386
tax filing , 197.95766
car rental , 396.41294
travel china , 171.810726
estate real , 195.26228
internet provider , 211.420886
education online , 193.404065
dating services , 236.748434
dating , 167.190456
laptop , 204.958278
all event , 167.157495
white pages , 153.318295
travel france , 358.1503
yellow pages , 165.097257
irs , 137.215924
cartoon network , 196.854166
recipe , 1095.591848
chris brown , 187.492197
learn spanish , 203.239548
horoscope , 182.133632
dating site , 224.553258
canada travel , 213.689393
best buy , 180.511595
jewelry , 185.523787
domain name registration , 221.88299
digital camera , 165.85921
video , 145.353684
cheap ticket , 179.976004
auto , 181.926169
travel canada , 180.892633
travel taiwan , 189.043008
taiwan travel , 193.021899
search engine marketing , 690.513913
tattoo , 158.823501
health , 186.310324
entertainment , 246.83297
free game , 193.505002
yahoo game , 197.82541
google search , 170.208265
mobile t , 200.286861
tmobile , 191.309971
green day , 238.69874
day green , 197.05229
girl , 184.193348
hentai , 178.839098
news , 518.90358
book , 3601.614002
computer notebook , 2240.622283
notebook computer , 270.031487
shopping , 168.425329
engine marketing search , 518.445984
online dating , 213.680967
software , 350.18909
insurance , 211.805857
casino online , 271.643556
online casino , 296.966061
photo , 181.775662
life insurance , 245.85768
car used , 210.464341
sean paul , 212.909871
download free music , 417.359787
used car , 756.195003
msn hotmail , 274.829892
disney channel , 298.200158
channel disney , 298.886894
education , 242.882549
paid survey , 307.913519
dog , 139.793213
american restaurant , 255.258897
game yahoo , 747.743159
newspaper , 229.279965
southwest airline , 550.098269
dating online , 264.815783
home , 211.61667
cheap airfare , 459.160076
free music downloads , 276.40339
blue book kelly , 228.536816
kelly blue book , 401.053412
sports , 175.823096
weight loss , 299.50872
college , 187.540685
buy car , 454.806226
buy a car , 824.157979
learn chinese , 525.419543
black eyed pea , 465.042992
online trading , 423.315947
new car , 169.396698
car new , 152.641869
myspace.com site , 224.726939
well fargo , 211.215768
airfare cheap , 203.127241
airline , 156.855215
motorcycle , 166.983901
daddy yankee , 226.26765
gift idea , 233.085414
movie theater , 168.733217
travel switzerland , 220.437482
auto trader , 193.654512
services tax , 199.759602
tax services , 205.079079
office post , 211.001259
post office , 170.977584
aol mail , 193.845756
love , 167.463703
game online , 234.087821
online game , 183.89135
baseball , 166.001395
fall out boy , 849.383818
chat rooms , 276.519678
chat room , 291.60189
mail , 189.910546
hotmail msn , 170.335556
search engine , 169.930054
golf , 236.053091
victorias secret , 252.28785
circuit city , 213.277432
file tax , 324.454194
digital online photo , 218.99901
photo printing , 177.528268
driving direction , 204.238136
direction driving , 217.5106
airline ticket , 304.20754
friends , 163.580073
job search , 295.094466
download , 270.836853
sporting goods , 218.670392
personal loan , 201.654096
baseball , 168.296179
soccer , 181.875787
under armour , 202.492434
lindsay , 530.794887
drinking , 159.089868
so many searches , 203.166523
one thousand , 246.009356
wildwood new jersey , 223.108766
almost there , 199.994677
a thousand horses , 269.239833
the beatles , 211.567325
electrical and computer engineering , 353.037558