first run , 2279.097263
O. J. Simpson , 2587.043858
Dog , 1166.21453
O. J. Simpson , 1116.487352
William Shakespeare , 1113.235315
Adam LaRoche , 1066.248175
Chicago Cubs , 1415.624517
Stephen Curry , 948.50634
Golden State Warriors , 1437.103206
The Bible , 1109.591974
Chevrolet , 1237.165238
Ford Mustang , 1148.328994
New York City , 1168.431556
Margarita , 1262.933244
University of North Carolina at Chapel Hill , 1047.19905
United States , 1091.730992
Moby , 1304.253708
Labrador Retriever , 1147.36257
Beer , 1244.253382
Duke Energy , 1053.201853
Fashion , 1331.819135
Wells Fargo , 893.859332
Water , 994.502096
Tom Clancys The Division , 1095.609005
US Senate , 2525.301226
SpongeBob SquarePants , 1233.60591
Antibiotics , 980.839255
Batman v Superman: Dawn of Justice , 1339.223697
Justin Bieber , 1184.033069
Donald Trump , 1059.57042
Donald Trump , 1181.365805
Pizza Hut , 1145.074664
The Bachelor , 1098.061211
Amazon.com , 932.287216
Albert Einstein , 985.47632
Christiano Ronaldo , 1008.474913
FC Barcelona , 1964.238871
Java , 914.764263
Happy Birthday to You , 1027.714253
Earth , 1273.5843
Ford Mustang , 1117.217536
Golden State Warriors , 1391.646506
Justin Bieber , 1119.7161
The Walking Dead , 1127.961762
John Kasich , 1083.285505
Jack Daniels , 893.649414
Ariana Grande , 1074.58442
Selena Gomez , 1038.765273
Nancy Regan , 1198.982436
Hulk Hogan , 1269.069637
Cat , 1153.537564
Horse , 1016.883893
Fish , 1112.341413
Bird , 1217.328909
Conor McGregor , 987.455068
Stephen Curry , 803.477426
LeBron James , 739.305314
Hulk Hogan , 1043.3564
Martin Luther King Jr. , 1174.934068
Marcia Clark , 917.858297
Dr. Seuss , 1040.335912
Madonna , 1128.03338
Babe Ruth , 1170.782563
Jackie Robinson , 1245.475757
Derek Jeter , 1428.492983
Alex Rodriguez , 1008.726235
New York Yankees , 1396.647336
Boston Red Sox , 1474.836299
New York Mets , 1546.004395
Washington Nationals , 1740.634759
LeBron James , 1391.49357
Kobe Bryant , 1152.873944
Michael Jordan , 1004.01909
Kyrie Irving , 1154.140676
Los Angeles Lakes , 1108.933363
Cleveland Cavaliers , 1162.404667
Chicago Bulls , 1353.967717
Duke Blue Devils mens basketball , 1270.068075
To Kill a Mockingbird , 1169.146608
The Great Gatsby , 1272.372887
Whiskey Tango Foxtrot , 1315.740706
Romeo and Juliet , 1339.655416
Honda , 1364.925425
Toyota , 1456.836996
Mercedes-Benz , 1126.459884
Dodge , 1044.087774
Chevrolet Camaro , 1230.527497
Honda Civic , 1233.604606
Jeep Wrangler , 1235.429231
Chevrolet Corvette , 1235.248843
Chicago , 1203.4937
Las Vegas , 1341.63358
Los Angeles , 1236.892473
Houston , 1223.568814
Martini , 1269.81189
Old Fashioned , 1208.432271
Bloody Mary , 1464.873231
Moscow mule , 1432.67757
Purdue University , 1145.419632
Texas A&M University , 1236.16284
Harvard University , 1289.830032
University of California Los Angeles , 1257.035053
Mexico , 1169.790795
India , 1121.093469
Canada , 1421.674583
United Kingdom , 1275.675206
Calvin Harris , 1166.265889
Skrillex , 1336.459234
deadmau5 , 1250.899647
Avicii , 1329.162033
Pit Bull , 1171.344763
German Shepherd , 974.773066
Siberian Husky , 1051.639844
Bulldog , 1023.679066
Coffee , 1482.466209
Wine , 1262.43638
Milk , 1134.657176
Tea , 1234.393884
BP , 1155.24359
Chevron , 1429.903318
Royal Dutch Shell , 1041.605121
National Grid plc , 1048.352677
Forever 21 , 1033.61271
H&M , 1358.658084
American Eagle Outfitters , 1059.84825
Zara , 1007.513018
Chase , 969.606662
Bank of America , 1314.109117
Capital One , 932.353365
American Express , 922.351624
Chicken as food , 1036.435459
Pizza , 1401.964673
Cake , 1433.835745
Egg , 1226.600206
Fallout 4 , 941.851859
Agar.io , 906.809968
Call of Duty: Black Ops III , 1152.157362
Lego , 1005.611651
US Supreme Court , 927.929834
Federal Bureau of Investigation , 1036.066732
US Congress , 1092.918631
United Nations , 1084.096046
Peppa Pig , 979.344071
Gravity Falls , 1201.234881
Steven Universe , 1070.390579
PAW Patrol , 1209.061149
Birth control , 1029.623488
Ibuprofen , 1035.257661
Traditional medicine , 1361.813081
Paracetamol , 1019.730137
Zootopia , 1059.37139
Captain America: Civil War , 1124.981281
Frozen , 1153.689076
London Has Fallen , 1149.428594
Kanye West , 1123.530227
Rihanna , 1027.188835
Drake , 833.219913
Beyonce , 1292.814075
Bernie Sanders , 1331.645347
Kim Kardashian , 1012.42969
Hillary Clinton , 1882.170129
Ted Cruz , 919.95858
Bernie Sanders , 1128.095028
Hillary Clinton , 1134.191007
Ted Cruz , 836.90396
Barack Obama , 1040.700248
Dominos Pizza , 1038.005038
McDonalds , 1231.934358
Papa Johns Pizza , 1132.665251
Subway , 1035.772545
American Idol , 1196.246782
Dancing with the Stars , 1020.609179
The Voice , 1246.677691
Survivor , 1257.638467
Walmart , 1079.492345
Target Corporation , 1011.640725
The Home Depot , 1228.971548
Lowes , 1118.484048
Thomas Jefferson , 1208.816959
Plato , 876.835284
Benjamin Franklin , 933.019989
Leonardo da Vinci , 1251.936506
Lionel Messi , 1036.531764
Neymar , 1057.148376
David Beckham , 1054.725815
Johan Cruyff , 876.81631
Real Madrid F.C. , 1266.402486
Manchester United F.C. , 1214.037676
Arsenal F.C. , 1340.03791
HTML , 896.863443
Python , 958.922387
JavaScript , 1124.724501
SQL , 837.570308
Let It Go , 951.852687
Watch Me (Whip/Nae Nae) , 803.069362
Hotline Bling , 815.585606
Happy , 876.034066
Moon , 976.765937
Sun , 1414.607661
Mars , 2280.735092
Jupiter , 1053.490665
Chevrolet Camaro , 1203.528979
Chevrolet Corvette , 1124.250967
Dodge Challenger , 1140.625387
Dodge Charger (B-body) , 1130.168056
FC Barcelona , 1439.519551
Los Angeles Lakers , 1407.435409
Cleveland Cavaliers , 1319.160137
Dallas Cowboys , 1273.205214
Beyonce , 1140.427303
Taylor Swift , 1106.788607
Selena Gomez , 1045.119277
Miley Cyrus , 1113.2742
The Bachelor , 1160.447953
American Idol , 991.337316
Dancing with the Stars , 920.313159
Saturday Night Live , 1164.627419
Ronald Reagan , 1027.719175
Mitt Romney , 1113.850496
Bill Clinton , 1117.668113
Franklin D. Roosevelt , 936.121911
Jameson , 930.094176
Fireball Cinnamon Whisky , 1053.004914
Crown Royal , 1225.093832
Johnnie Walker , 1141.818593
Katt Williams , 1062.212516
Miley Cyrus , 928.758209
Leonardo DiCaprio , 1235.804224
Patty Duke , 1053.623767
Ben Affleck , 1026.946703
weather , 1180.327211
translate , 891.941265
maps , 1063.645005
news , 926.452189
calculator , 967.397555
g , 808.064893
youtube to mp3 , 736.013023
dictionary , 1020.580177
f , 1370.443749
translator , 825.121093
restaurants near me , 1033.90577
movies , 1065.182965
speed test , 964.209551
cheap flights , 1199.394405
horoscope , 1020.145221
unblocked games , 917.499568
solitare , 842.844476
mortgage calculator , 1717.871649
calendar , 1198.092016
games , 986.430616
map , 1105.618001
love quotes , 1016.93234
restaurants , 1154.423921
social security , 1167.068395
spanish translator , 887.968041
pill identifier , 914.934879
ny lottery , 835.754417
earth day quiz , 1057.046765
nj lottery , 798.963482
periodic table , 844.129415
tis the season , 919.530663
halloween , 1056.312117
quotes , 800.197813
cheap tickets , 1295.818244
spanish to english , 1058.7839
cars , 1182.703864
pa lottery , 1105.105283
happy birthday , 939.833023
ga lottery , 835.069626
reverse phone lookup , 1175.038384
youtube converter , 783.096353
driving directions , 1361.462217
directions , 1155.671402
scrabble word finder , 807.365998
school closings , 1041.702785
pizza , 1096.94116
st patricks day , 997.260933
once upon a time , 1621.660533
english to spanish translation , 1239.068429
home , 1191.911838
flights , 1219.815094
test , 709.566072
usa jobs , 840.952546
b , 1350.291303
mp3 converter , 840.860012
w , 1064.342224
i , 1337.291394
n , 758.802138
michigan lottery , 705.213156
weather nyc , 1045.491781
Chicago weather , 958.604299
illinois lottery , 779.759721
us map , 1305.687011
motherless , 725.545482
bmi calculator , 1017.050292
texas lottery , 958.705994
zodiac signs , 952.540622
va lottery , 991.135634
currency converter , 1278.309586
funny pictures , 1108.118634
finance , 1022.833658
internet speed test , 989.240236
labor day 2015 , 1002.862064
speedtest , 941.454241
inspirational quotes , 1045.821934
2015 calendar , 1262.065139
hotels , 1182.692388
typing web , 875.485907
oil prices , 1167.041342
addicting games , 994.770141
post office , 1205.463392
nc lottery , 997.558322
hello , 844.617406
what time is it , 1442.655002
search , 746.945142
music , 1197.27492
apartments for rent , 1102.026714
j , 2554.274265
free games , 1073.474731
add reminder , 914.842662
synonyms , 739.413838
euro to dollar , 951.37027
videos , 911.290972
weather forecast , 1557.148276
college football scores , 922.469436
flight tracker , 969.753965
free movies online , 973.116024
flowers , 1874.686857
funny jokes , 1025.738702
yahoo , 721.671043
hotmail , 1243.004105
lyrics , 1031.586062
hotmail.com , 941.041538
yahoo.com , 739.734324
jokes , 939.320298
ebay , 848.108818
maps , 1450.90646
games , 1035.341227
warez , 712.560761
napster , 920.435585
www.hotmail.com , 921.950443
song lyrics , 958.685538
www.yahoo.com , 700.322199
dictionary , 955.326925
snes roms , 726.497334
mp3 , 1181.404619
search engines , 905.449304
google , 623.823671
weather , 968.903375
autos , 1036.758505
music , 1144.742051
clip art , 1151.663585
jobs , 1127.184307
wallpaper , 1052.531394
thumbzilla , 897.861774
Yahoo , 669.14645
chat , 1148.325936
clipart , 929.868404
greeting cards , 1040.680899
poems , 1060.904157
Song Lyrics , 914.576057
winzip , 805.656759
recipes , 1188.789733
dogs , 1182.48901
travel , 1224.398451
health , 1151.099266
mapquest , 1277.221127
britney spears , 1039.115272
movies , 1039.219635
PICTURES , 1531.963225
pictures , 1450.176578
ask jeeves , 926.70176
Pictures , 1475.886703
baby names , 1023.687218
poetry , 940.254086
flowers , 1422.228801
free games , 1235.231138
survivor , 1189.289413
desktop themes , 1157.67877
yellow pages , 1130.42942
screensavers , 3885.479606
quotes , 883.832821
taxes , 1057.732686
Free Game Downloads , 1281.623146
sublime directory , 851.704732
prom dresses , 1197.58405
horoscopes , 1017.198229
southwest airlines , 936.987167
used cars , 1451.203152
airline tickets , 1487.540434
msn , 676.409817
marijuana , 963.02961
anime , 953.362728
kelly blue book , 1071.327956
zip codes , 1052.672086
gnutella , 2473.993969
Lyrics , 921.579044
white pages , 1407.079622
people search , 1077.07316
free , 841.279517
irs , 1174.452159
Maps , 1245.125309
fonts , 1542.385954
the huns yellow pages , 707.355559
spanking , 761.054254
backgrounds , 914.81415
cracks , 1489.664453
divx , 923.818024
hair styles , 1057.303473
chat rooms , 1151.650832
jennifer lopez , 1027.746117
The Huns Yellow Pages , 818.688246
abortion , 907.175505
screen savers , 1040.730873
aol.com , 828.905952
search engine , 929.779501
andrea thompson , 958.119555
free fonts , 815.763322
online games , 1096.053953
aol , 822.227123
tattoos , 969.874411
nes roms , 908.307598
freeware , 1052.830653
free clip art , 1156.14392
books , 1443.029404
consumer reports , 1092.613183
ampland.com , 716.366327
tommys bookmarks , 728.96999
free pics , 955.455046
free clipart , 1123.245461
driving directions , 967.070373
Free Clip Art , 1236.745817
msn.com , 714.147133
free internet , 1160.396042
amazon.com , 814.904988
e-cards , 1099.741741
ellis island , 1238.1059
diabetes , 1114.022261
free stuff , 1037.664284
home depot , 1047.308245
pokemon , 1274.814097
job search , 1114.39053
icq , 940.303712
holocaust , 1044.134389
serialz , 889.11052
apartments , 1015.644474
free isp , 1003.392728
airlines , 1103.52534
ebay.com , 876.542955
Music Lyrics , 1125.042878
holiday inn , 1037.172472
dogpile , 825.332323
auctions , 1068.245366
currency converter , 1160.718346
april fools , 991.327198
love poems , 951.3039
dragonballz , 1445.585064
richards realm , 901.467663
blank , 950.891335
Photos , 1480.9986
bomis , 908.669289
genealogy , 1267.338658
free essays , 958.502942
encyclopedia , 1536.506987
funny pictures , 1113.132688
mortgage calculator , 1333.225813
cheats , 936.63822
gardening , 1119.848885
geneology , 1088.382909
guitar tabs , 1027.994987
free email , 1044.805915
free screensavers , 1125.798186
Britney Spears , 1154.868504
prom hairstyles , 1211.008607
playstation cheats , 2416.424637
imesh , 864.006819
www.thehun.com , 1028.937563
cloning , 917.428651
Free Clipart , 1070.653118
Used Autos , 1355.452575
area codes , 1024.148522
nasa , 804.282937
freeones , 709.368126
roms , 915.37133
american airlines , 712.324715
horoscope , 935.544672
Auto Parts , 1049.367909
huns yellow pages , 794.157713
cd covers , 1064.740922
cartoons , 1060.356125
ticketmaster , 904.377074
sublimedirectory , 712.286483
news , 915.513465
icons , 1013.03599
passwords , 1139.938674
Lyrics Search , 788.615073
Snes Roms , 845.646123
house plans , 1321.316214
harry potter , 1108.662197
music lyrics , 1002.980403
lesson plans , 927.63352
Travel Maps , 1437.001219
resume , 1178.849061
quotations , 914.280623
ecards , 1153.769243
mortgage rates , 1349.441645
dogfart , 805.62091
Driving Directions , 949.581058
boats , 1051.949392
cats , 1161.842894
lycos , 704.72118
Yahoo Mail , 721.831339
free mp3 , 1063.388573
thongs , 1094.8129
winamp , 988.686117
literotica.com , 704.991392
erotica , 1020.696827
blue book , 1088.079745
famous quotes , 834.868898
Online Games , 1032.770155
n64 roms , 718.18843
personal finance , 1154.012923
google.com , 726.210127
movie reviews , 1127.385841
internal revenue service , 1165.169045
Hotmail , 1027.234314
monster.com , 1284.395169
paintball , 1014.982401
Jennifer Lopez , 1037.511754
madonna , 1085.844404
free wallpaper , 1076.11274
united airlines , 929.260602
hotels , 1173.635392
wav files , 905.733381
FREE , 1043.943382
Prom Hairstyles , 1089.305338
online dictionary , 974.502017
buddy icons , 953.539259
las vegas , 1285.541987
eminem , 1114.619466
white shadow , 997.478739
black and white , 1269.3551
animated gifs , 899.41144
jjj , 842.425908
Used Cars , 1196.641224
Yahoo.com , 727.480022
civil war , 1032.555906
travelocity , 1047.685548
ringtones , 1243.856718
astrology , 933.593325
greenguy , 815.78913
Poems , 858.199307
Discount Travel , 1135.148141
Free Downloads , 1131.224128
desktop wallpaper , 1049.953983
www.aol.com , 703.360783
Chat Rooms , 1270.261689
wwf , 1187.496397
golf , 1304.956072
hacking , 1026.509998
real estate , 1370.693321
careers , 922.761824
computers , 1179.95605
netscape , 892.897316
map , 1189.737217
brooke burke , 1368.151119
Andrea Thompson , 1000.50383
free ringtones , 902.916664
animals , 942.872374
newspapers , 930.243145
northwest airlines , 1045.510281
Free Screensavers , 1043.60067
art , 1201.725599
reverse lookup , 1122.256657
sublimedirectory.com , 752.085627
mexico , 1179.049943
pics , 1225.9541
IRS , 949.613911
dog , 1298.566499
posters , 1295.314089
the sims , 1168.130202
real player , 1119.624522
free downloads , 1122.664219
sears , 1275.027394
gameboy roms , 794.315204
Mortgage Rates , 1167.779107
digital cameras , 1137.755203
Women Health , 1042.832973
Pics , 1117.03246
cliff notes , 1009.452809
women , 1073.22487
exchange rates , 1139.10467
motorcycles , 1142.0294
rotten.com , 943.935403
mame roms , 809.170782
Hotmail.com , 865.780291
continental airlines , 1117.36156
photography , 1138.539879
cinco de mayo , 1045.963777
free greeting cards , 1115.953033
Games , 945.094601
marks bookmarks , 1015.187947
crack , 953.857177
excite , 809.25783
Free , 1009.303382
shoes , 1373.748657
free screen savers , 1190.643237
birthday cards , 1236.990914
tattoo , 1278.234216
www.ebay.com , 1125.07407
free movies , 1123.391384
crackz , 807.340317
drivers , 1035.898114
stories , 972.29887
Game Downloads , 952.383217
horses , 1051.916442
webcam , 1116.774997
time , 1349.770725
love , 1377.461353
picpost , 1423.325317
dragon ball z , 1091.767012
cards , 1912.862229
mortgages , 1238.091623
RPG , 1275.90774
scholarships , 1130.77842
shareware , 1144.609994
bestiality , 728.271107
game cracks , 956.372684
author , 1062.619835
astalavista , 903.01064
disney , 1147.665379
honda , 1225.818984
free music , 1055.65825
dragonball z , 1061.240779
wallpapers , 1466.039774
Mp3 Download , 891.70325
Napster , 1224.943218
models , 1171.709249
china , 1433.754317
www.google.com , 819.484731
AS400 , 839.211423
Harry Potter , 1152.976971
microsoft , 1080.606877
altavista , 784.70458
delta airlines , 963.78307
yoga , 1152.466842
death penalty , 1124.409714
thehun.com , 799.649978
excite.com , 740.834461
everquest , 844.626147
free web hosting , 1266.870183
people finder , 1091.617261
Msn Hotmail , 960.376191
direct tv , 1219.135706
Napster Download , 945.235798
tires , 1323.004418
movie trailers , 1089.180879
Free Music Downloads , 1148.311477
newsgroups , 885.989209
Free Greeting Cards , 1227.521
time zones , 1159.880122
Internal RevenueService , 1312.014648
Poetry , 928.748298
amazon , 942.116525
emulators , 823.316433
auto parts , 1170.320912
science fair project , 1119.026411
capital punishment , 924.431528
Tattoo Designs , 1022.561089
vietnam war , 1390.831121
tatoos , 873.06074
elephantlist , 819.667684
www.msn.com , 837.10705
AS/400 , 851.487521
Southwest Airlines , 1114.326857
Free Wallpaper , 1074.454723
air canada , 1055.440852
japan , 1316.504888
Airline Tickets , 1435.210835
verizon , 1273.010796
carmen electra , 1051.519242
Dog Breeds , 909.711858
music videos , 1128.465984
easter , 1049.799008
viagra , 1152.636499
employment , 1026.594571
directions , 1432.511888
nascar , 980.066667
Yahoo Email , 698.249513
webcams , 974.922636
sheet music , 1032.151707
world map , 1176.235549
Hotels , 1227.118254
credit cards , 1235.312498
e-bay , 826.181417
email , 1040.508208
anna kournikova , 1047.293666
espn , 937.457114
dragons , 929.045157
radio stations , 1036.018974
guns , 1165.630746
atomic clock , 1149.381015
suicide , 1119.36349
dvd , 874.915244
hewlett packard , 1010.918115
wild cherries , 904.47247
howard stern , 938.381558
tax forms , 1163.1702
Used Boats , 1028.55065
downloads , 1003.400825
fosi , 844.960163
snakes , 1167.835783
skateboarding , 1373.267984
Free Mp3 , 898.702931
Italy , 1263.077502
abandonware , 918.572723
Road Maps , 1085.631163
car rental , 1606.0739
fibromyalgia , 1116.307046
Free Screen Savers , 1004.468031
Free Online Games , 1039.25982
free pictures , 1943.573423
radio , 1166.540385
Warez , 887.26598
appz , 752.282702
www.ampland.com , 1309.048312
Famous Quotes , 1175.350176
Jokes , 1218.244165
Online Dictionary , 852.423155
web hosting , 1133.212215
e cards , 1119.277526
free software , 1125.026591
cheap flights , 1313.90719
Software Cracks , 1016.830011
gun control , 844.0028
Holocaust , 817.788311
Free People Search , 1168.469799
thumbnails , 749.655452
persiankitty.com , 866.02346
javascript , 1071.036034
CDA-W550 , 918.428507
map quest , 3818.920376
AGL , 1034.022768
sound effects , 852.03222
mad cow disease , 905.991917
Desktop Wallpaper , 1177.744637
GAMES , 878.370186
cheap airline tickets , 1410.53671
mp3 downloads , 955.62894
flash , 3737.930614
nokia , 937.537731
cnn , 940.88016
simpsons , 1195.668997
amtrak , 975.847233
child abuse , 916.025183
digital camera , 1081.876862
walmart , 826.306391
fish , 1144.846255
translator , 906.305775
kids , 1113.835687
global warming , 1036.540565
australia , 1090.483201
names , 1374.486644
bmw , 1245.995683
adobe acrobat , 992.336184
digimon , 1205.1769
dsl , 1010.994909
dog breeds , 1037.544454
free backgrounds , 1019.738793
soccer , 1671.022116
pubmed , 715.80529
work at home , 1064.757239
world war 2 , 1349.971053
shakespeare , 1029.681465
Vietnam War , 975.478987
Airfare , 1483.914679
Free Desktop Themes , 1042.286783
Real Estate Listings , 1440.441981
qxapoiu , 703.709116
pogo.com , 945.672908
Weather Forecast , 1287.939576
baseball , 1576.262563
lord of the rings , 1234.371078
resumes , 1097.156123
Jobs , 1031.638039
quicktime , 1352.713945
birds , 1073.027302
spain , 1156.889796
lupus , 1116.802271
car audio , 1206.196138
Free Nokia Ringtones , 945.266724
thumbzilla.com , 715.881676
photos , 1611.035957
portalmix , 796.298885
midi , 1066.479803
history , 941.535583
smoking , 953.066904
dodge , 930.072051
OS/400 , 1337.90193
harley davidson , 1155.126768
serial numbers , 923.144704
toyota , 1208.76783
money , 855.018359
free internet access , 1117.265279
legal , 947.344651
Japan , 1195.005973
sports , 1315.437584
divx codec , 932.770391
naturist , 1038.83288
graphics , 1019.795075
humor , 975.590164
restaurant , 1132.854328
download music , 1022.662625
music download , 1091.798414
language school , 1189.761724
food , 1108.898314
english learn , 1079.447245
learn english , 1159.953204
internet explorer , 1134.032846
currency trade , 1097.833525
game , 942.949343
transfer money overseas , 1156.032959
car insurance , 1135.518519
music , 1137.050474
abroad study , 1015.552133
my space , 816.573307
cellular phone , 1307.17495
cell phone , 1052.487928
study abroad , 989.990106
weather , 966.023291
travel asia , 1161.339668
car , 1230.699949
yahoo mail , 685.58028
travel , 1291.762663
american idol , 1101.139757
people search , 1251.428116
internet explorer , 999.822248
travel europe , 1186.294114
travel mexico , 1143.295907
real estate , 1034.841935
credit card , 1150.653613
ecard , 1108.881415
attorney , 1097.777025
computer , 1105.001426
map , 1471.610894
bank of america , 1181.126466
bank america , 924.518904
home depot , 954.354517
dictionary , 924.830138
movie , 1069.337797
job , 1159.847907
lyric , 1006.340386
travel south america , 1274.389789
jobs , 1062.180826
spain travel , 1212.52984
flower , 1259.291202
web hosting , 1125.955508
loan , 1147.189895
myspace layout , 923.696587
business , 1072.235146
career training , 1235.523851
travel central america , 1117.199378
tax filing , 1133.578179
car rental , 1158.621247
travel china , 1110.527645
estate real , 952.862178
internet provider , 1453.87537
education online , 999.768545
dating services , 1246.239571
dating , 1257.362891
laptop , 1251.546518
all event , 898.842
white pages , 1050.88937
travel france , 1136.8034
yellow pages , 817.579802
irs , 1438.58708
cartoon network , 968.969814
recipe , 1359.792257
chris brown , 838.39737
learn spanish , 1059.275322
horoscope , 984.385962
dating site , 1253.709291
canada travel , 1129.20108
best buy , 1046.119296
jewelry , 1053.186445
domain name registration , 1130.296375
digital camera , 1213.189017
video , 944.36334
cheap ticket , 1145.833163
auto , 1433.099606
travel canada , 1072.596897
travel taiwan , 919.364019
taiwan travel , 985.970038
search engine marketing , 1142.244496
tattoo , 1070.912051
health , 1029.839137
entertainment , 952.948273
free game , 1031.214653
yahoo game , 1022.673263
google search , 739.312829
mobile t , 1033.734484
tmobile , 1047.081535
green day , 1163.527602
day green , 1103.653646
girl , 1058.484261
hentai , 3127.251938
news , 805.048076
book , 1047.09531
computer notebook , 1239.362521
notebook computer , 1339.517997
shopping , 1132.514151
engine marketing search , 908.377114
online dating , 1143.71088
software , 1007.884627
insurance , 1050.306712
casino online , 1025.9861
online casino , 805.010653
photo , 1090.928132
life insurance , 1119.233753
car used , 1362.051524
sean paul , 1074.57127
download free music , 1176.912685
used car , 1158.398009
msn hotmail , 908.412273
disney channel , 948.23188
channel disney , 1032.844206
education , 971.157863
paid survey , 1189.729599
dog , 1114.896339
american restaurant , 1194.548968
game yahoo , 1074.814156
newspaper , 1104.514995
southwest airline , 1289.323877
dating online , 1101.526746
home , 1199.82764
cheap airfare , 1387.407923
free music downloads , 1147.962599
blue book kelly , 1149.987797
kelly blue book , 1034.192226
sports , 1061.869681
weight loss , 1017.071233
college , 1052.829135
buy car , 1354.036148
buy a car , 1305.126147
learn chinese , 1479.356102
black eyed pea , 1212.78145
online trading , 1162.113327
new car , 1240.600838
car new , 1129.468593
myspace.com site , 808.166888
well fargo , 1160.966706
airfare cheap , 1266.631432
airline , 1129.774908
motorcycle , 1157.277983
daddy yankee , 1204.68508
gift idea , 1182.828814
movie theater , 1209.891491
travel switzerland , 1155.809805
auto trader , 945.89771
services tax , 1115.449464
tax services , 1233.452808
office post , 1116.427502
post office , 1251.212571
aol mail , 814.300363
love , 1305.572222
game online , 1184.523708
online game , 1237.008603
baseball , 1685.57569
fall out boy , 1886.643556
chat rooms , 1261.128193
chat room , 1043.883273
mail , 1003.545409
hotmail msn , 869.558097
search engine , 933.299076
golf , 1311.615886
victorias secret , 1802.126411
circuit city , 1023.468734
file tax , 1236.345898
digital online photo , 1198.543862
photo printing , 1262.982484
driving direction , 1112.816785
direction driving , 1197.082298
airline ticket , 1500.863373
friends , 1181.599735
job search , 1092.306383
download , 1015.357891
sporting goods , 1180.819068
personal loan , 1159.358873
baseball , 1464.57032
soccer , 1350.16727
under armour , 1086.17418
lindsay , 1045.62559
drinking , 1015.179192
so many searches , 929.266978
one thousand , 988.694878
wildwood new jersey , 1433.824983
almost there , 1631.853356
a thousand horses , 1146.254855
the beatles , 1276.849713
electrical and computer engineering , 1052.98797